,ID,Comment
0,큐리,태풍바비온대서기념으로보러옴.
1,꧁꧂꧁꧂꧁꧂꧁꧂꧁꧂꧁꧂꧁꧂꧁꧂꧁꧂꧁꧂,체크해보겠습니다2020하반기는손을들어주세요
2,FrédéricFrançoisChopin,이건ㅅㅂ쇼팽인내가들어도가슴이웅장해진다
3,ᄉᄒ,아니어떻게고등학생이무대장악력이ㅋㅋㅋ
4,랄라,진짜레전드인건바비가저무대할때나이가19살이었다는거임ㅋㅋㅋㅋㅋ요즘고등래퍼라는프로가생겨서그렇지바비는애초에십대때쇼미1등한것부터걍쌉레전드인거ㄷㄷ
5,동글동글,바비랩앨범좀내줘제발...무대장악력ㅈ되네진짜
6,TMI,이걸이긴랩은널렸지만이걸이긴무대는아직까지도없는거같다
7,denissechuco,2020andIstillcan'tgetoverthisperformance
8,TreeT,Bobby'slevelofhypeisoutofthisworld.BeenwatchingSMTMsinceseasonone.SomehowstillgobackandlistentoBobby'ssong.Hedidn'tneeddancersorabigstage.
9,ᄏᄏ,좆나이만한무대다신못나올듯...장악력미쳣노
10,아햏햏,3:23이거눌러보지도않고어디인지알것같으면좋아요박아봐
11,그냥그냥,다시봐도느끼는거지만초반에박자놓지는거나발음뭉개지는거호흡딸리는거등등단점들이보이는데무대장악력하고간지로그걸다안보이게하네ㅋㅋㅋ진짜그두개는탑급인듯대단하다ㅋㅋ
12,HWANS,바비쇼미한번나오면씹어먹을꺼같은데
13,개팡슨.,"바비가ㅈㄴ대단한게본선2차무대빼고다피처링없이혼자함.요즘쇼미에선피쳐링이기본옵션인데.그런데도무대장악력,제스처,텐션이지려서무대를혼자해도지루하지가않음"
14,귀여운데용,3:18전설의대한민국힙찔이대량생산씬ㄷㄷ
15,김태인,누군가우리나라힙합르네상스시작이언제냐고묻는다면3:18이장면을보여주면된다
16,냠냠,지디현아바비이런애들보면ㄹㅇ무대체질따로있구나느낌얘네보다랩잘하는사람은많지만얘네처럼무대하는애들없는듯ㅋㅋ천상연옌
17,hahyunlee,"WasneveraBobbyfanfromthebeginning.Tobehonest,inthebeginningepisodesIthoughtBobbywastoooverhypedespeciallywithhisrepeatedslip-ups.Hehasdefinitelyprogressedandearnedmyrespect.LosinginthatYGshowwasprobablythebestthingthatcouldhappentohim.Thisshowhasmoldedhimintobecomingatruehip-hopartist.HeshouldgetintobecomingasolorapperinsteadofbeingintheK-Popscene.Onlyrappersink-popInowrespectisZico,Mino,andnowBobby.Goodwork."
18,유준수,"솔직히힙합을우리나라음악에서메인부류로끄집어올린장본인임.이때원곡인일리네어,MC메타의연결고리는몰라도바비의연결고리모르는사람거의없었고리스너들도연결고리비트가길거리에서나오게될줄은아무도몰랐다는데ㅋㅋㅋㅋㅋ쇼미충이란존재가만들어진게정확하게바비로인해생겨난건인정해야됨랩스킬과별개로무대씹어먹는퍼포먼스는래퍼들통틀어도손에꼽는듯"
19,홍범기,19살에고등래퍼나갈시기에쇼미더머니나와서피처링없이저렇게했다는게ㄹㅈㄷ인거임
20,-민석,2:32가사가잘안들리자희망이생긴바스코2:43관객반응이좋자의아한바스코3:56나라잃은바스코
21,무서운마네킹,쇼미시즌나율때마다보러오는데이거이기는무대가없네시발ㅋㅋㅋㅋㅋ
22,FaridaIkedaYamizaki,icanconfidentlystatethatnorapperhasthesamestagecharismaasbobby-heOWNSthestage
23,개방의군주,3:26초한국공연방송씬중에이것보다멋진컷이있을라나
24,JangWonyoung,greatestsmtmsongeveralongwithturtleshipandfear
25,CyanidePandemonium,"Absolutelynoonedoesitlikehim.Andhewasjust18here,fkninsanee."
26,EmptyNet,바비는뭐라해야하지랩보다는힙합을잘하는느낌이라해야하나
27,아대,수십번을보지만이건쇼미역대급무대임
28,ClaireK,ItisSMTM9erabutIstillcouldn'tgetoverwithSMTM3BOBBY.Hisstageperformanceisnokidding.
29,진짜울리고싶다,와너무멋있다진짜..개섹시해..이걸이제서야보다니근데얘지금어디서뭐해요이렇게멋있는데
30,InkiYun,바비때문에내일알바취소돼서바비안넘어간다돈벌기힘들다바비너는잘벌고있냐
31,DayEvery,다시보니미쳤고소름돋네허허
32,VivianaChan,"BobbyismostenergeticrapperIhaveeverseen,aftershowmethemoneyseason4andnowseason5,thereweregoodsongs,butInevergotthathyperfeelingthatBobbygaveatseason3!!!!!!"
33,mkextra05,IhopeKoreansknowBobbyisatrueworldclassrapper.YGsucksforwastinghim.Hisskillsetisoneofakind.Youcan'tfindanyonelikehim.He'sveryunique.
34,김유철,진짜바비연결고리때문에힙합자체를알게된사람들되게많을거임그당시에바비가한연결고리가영향력이지리긴했음
35,김무옥,요즘yg왜일을안하는거같냐?블핑빼고는전부소식이깜깜...바비썩혀두는거너무안타깝다ㅜ
36,김강현,쇼미9보고실망해서바비보러온사람손!
37,SuperKorean,첫아이태교를쇼미3로했더니이노래를알고있네..4살바기갘ㅋㅋㅋㅋ
38,신영광,"3:24진짜이때존나멋있었는데지금봐도진짜씹간지네,,,,"
39,ᄆᄎ,ㅋㅋ언제봐도레전드사실상인맥없이우승한래퍼중한명이지오히려아이돌이어서래퍼들한테도개까이고대진운도쓰레기였는데
40,InhoJung,ㄹㅇ쇼미3바비파급력엄청났지이때이후로힙합이대중화된듯근데그에비해바비는쇼미버프를별로못받은듯..오히려프로듀서였던일리네어가대박을쳤었지
41,AsmaaCorduva,twoseasonafterbobbyyetnoonelikeorevennearhislevelheownsthestage
42,서지석,아직도보냐고그만물어봐라내일도볼거다
43,아다,조금과장해서한국힙합역사가바뀐날이다이무대하나로얼마나많은대중들이유입됐을지
44,양말!,인생노잼일때이거봄ㄱㅅ
45,MyStory,아그댓글어디갔냐ㅋㅋㅋㅋㅋ카메라워크랑스토리만보면바비미안랩소디해서영화하나내겠다고ㅋㅋㅋㅋㅋㅋㅋㅋㅋㅋㅋㅋ
46,CristinaCésar,Holysht!03:22Thepublicreactionwassick!
47,코구멍,저기서진짜간지나는건준결승이고상대가바스코인중요한무대인데그와중에차메인발견하고가서하이바이브하는여유까지보여준모습.
48,공시합격꿀팁-공시청,주기적으로듣는바비무대2020.8.
49,오마이걸아이들,쇼미시리즈중사실최고명장면ㅅㅂ무슨락페스티벌인줄;;;;힙합으로대동단결ㄸ
50,kimjunkyutie,"ThestageisBOBBY’S,doyouhearme.IT’SHISSTAGE,andthat’sfinal."
51,ninjaturtle2210,18yearsoldboywith1yearrapexperienceWONtheshow😏whatarealtalentThebestSMTMseasonever.KINGBOBBY😊
52,한국인,이게레알한국힙합에한획을그은무대아니나
53,방울윤,바비가지금나오면우승못한다고하는애들.바비가그때무대장악력만으로바스코씨잼아이언올티잡았다
54,정지성,여기마지막부분은카메라구도도진짜한몫한듯간지나는무대를더간지나게만듦그리고마지막사비에서일렉기타소리가레전드였음.
55,IGotGene,쇼미더머니역사는이무대전과후로나뉨
56,What'sUpMr.Stark,"oneofthereasonsbobbyhassuchgreatstagepresenceisbecauseheliterallygetspossessedbythebeat.Hecan'thelpbutmovehisbodyinwhateverformthemusictakes.Whetheritbethesimpledrumbeatsthatgetshimheadboppingandkneedroppingortheguitarshredsthatcausehimtolowkeyspazz.Thatkindofenergyisalreadyinthecrowdandwhenyouseehimasthevisualrepresentationofthemusic/beat,astheaudienceyoucan'thelpbutbedrawnin.Youseeiteverywherethiskidgoes.Playanyformofbeatwithinhearingdistanceandhe'llstartmoving."
57,송송아아,이무대땜에힙찔이들대량으로생산됐다ㄹㅇ나도그렇고
58,dododid,"진짜이무대볼때마다원통함ㅠㅠㅠㅠㅠㅠㅠㅠ양현석보석함에갇혀서하ㅠㅠㅠㅠㅠ계속힙합커리어쌓을수있었는데,,,"
59,예?예?,ㄹㅇ나는힙합대중성을바비가살렸다고생각함
60,K,WatchingsmtmBobbystillmakesmesodamnamazed.It'sinsanethatthisBobbyimstanningisakingwhoownsthisimmensetalentandcharismawhichclearlysethimapartfromotheridols.Wow.
61,우드드다,쇼미가거듭될수록재평가받는바비ㅋㅋ
62,디자이너,저때관중들이지금보다훨씬호응도잘해주고무대를더즐기고더잘노는것같음.지금은중독성있는훅아니면호응도잘안해주니...
63,mimyun,Therecanbebetterrappersthanhimbuthisstagepresenceisonanotherlevel...
64,박영운,바비쇼미3본선중감성팔이곡하나도안했음
65,linaqaldani,"Heisabsolutleythebest.Hefeelssogoodwhathe'sdoing.Idon'tunderstandwhyIkonandespeciallyBobbyaren'tworldwideKpopgrouporrapper.It'sreallystrange,bcztheyareonlygroupaboutwhomIwantedtoknowmore.AndBobbywithhistalentisthereasonwhyIwanttostantoikon❤️"
66,CharlesPark,"바비가대단한게뭐냐면,안그래도힙합부심,언더부심등부심이심한씬인데,yg출신아이돌연습생래퍼가들어와서,엄청안좋게봣었음.특히스윙스가극혐할정도로싫어했고,같이경쟁한바스코,올티도존나싫어했는데,결국끝나고는다들인정해줬음.특히연결고리무반주후에들어가는장면은진짜지릴뻔했다.랩을잘한다기보다힙합을잘한다는표현이맞는거같음.기존랩퍼들도랩은본인들이더잘한다하더라도,자기들에게없는부분,못하는부분을바비는가지고있기에이부분을리스펙한다고생각한다.스윙스가 정리를해줬었지.'쟤는힙합의멋을아는애'라고.아나글존나못쓰네"
67,000,저때yg연습생ㅋㅋㅋㅋㅋㅋㅋㅋㅋㅋㅋㅋㅋㅋㅋㅋㅋㅋㅋ씹오진다ㄹㅇ
68,이현주,라이브가더좋네;
69,PrincekurtMontales,WherecaniwatchSMTM3?IreallywanttoseehowBobbywonandhowhisjourneywent.
70,서재형,쇼미야바비는못데려와도..저기카메라감독이라도어떻게다시모셔오면안될까???ㅜㅜ
71,경기불,ㅋㅋㄱ엠넷은바비한테상하나줘야하는거아니냐쇼미더머니대중화에한몫햇지유툽조회수2000만뽑앗지ㅋㅋㅋ
72,Sandxxi,Whenulistentospotlightthenthis?🤣🤣🤣BRUHHHHMYEARSAREBLESS
73,오잉옹,얜그냥전날에서바이벌믹스앤매치무대하고바로다음날쇼미더머니파이널무대한거부터가레전드아닌가?바비무시하는애들존나이해안감내로라하는애들도서바이벌프로그램두개하라고하면멘탈무너질텐데바비는둘다완벽하게잘함
74,남성덕,지금봐도소름돋네시버ㄹ바스코똥줄ㅈㄴ타는표정보소
75,조성원,"좀비떼를지휘하는지휘관의모습이네,,"
76,EllaLotivio,"YGhitthejackpotthemomenttheyacceptedBobbyintbh.It'slike,YangHyunSukjustaskedforabread,butGodgavehimhamburgerinstead.Withfries."
77,ᄒᄍᄑ,쉬바ㅋㅋ피처링도없이무대혼자난도질하고다찢었네;;이건다시봐도레전드다
78,YooYoo,너무아쉽다와이지에서갇히지만않았어도벌써레전드무대수십개만들었을텐데...원통하도다
79,혜훈,"진짜쇼미올타임레전드무대간지,퍼포먼스,카메라워킹,장악력미쳤다아직넘을무대는없는듯이번쇼미9기대해봄"
80,아구창불빠따,하고싶은말다하고나서디제이킥뎃쓋하고비니로눈가리고잡소리다ㅈ까라는듯볼륨을높여줘비트에몸을띄우는게ㄹㅇ그냥힙합이였다그냥자유와통제에대한반항을패션과춤노래로다표현했다고생각한다.
81,ᄋ으아라ᅡ,이무대로전국을힙합열풍으로만들어낸장본인.바비없었으면지금쇼미더머니도없고지금국힙도이만큼못컸음20살이실력을떠나서래퍼들이극혐하는'아이돌래퍼'가국힙역사에엄청난획을그어버림
82,HaJ,내기준시발쇼미레전드는바비다
83,야코르키코르키,진짜장난아니였는데이때이후로힙합패션같은게유행했지스냅백쓰고다니고뿔태안경이랑ㅅㅂㅋㅋㅋㅋ개촌스러움지금보면
84,냥냥냥,딩고보고있나.....쇼미9나오는기념으루킬링벌스바비한번만불러줘여..바비간지아직안죽어써여
85,naneunmolla,BobbywhotookmetotherefreshingworldofKhiphop.Ireallythanksforhim.hereallywasborntobeonstageverytalented
86,letylek,Bobbyissointimidatingonstage
87,해적왕니모,솔직히말해나만듣는거아니잖아
88,Son,무대가화려하지도않고걍바비랑관객만있는게진짜레전드고힙합갬성미침중간에박자놓치고가사ㅈ도안들리는데이영상에선그딴거안중요함
89,비공개,랩은둘째치고무대장악력미쳤네;;확실히yg애들이무대장악력이ㅆㅅㅌㅊ긴해
90,윤윤,19살연습생이개빡센라인업들다이기고쇼미역대레전드시즌만듦ㄹㅇ쇼미우승자중에서도1위라고할수있는듯
91,pushmoyanteh,It’s2018yetSMTM3isstillthesuperiorseasonofSMTM.NoonecanbelikeBobby.Heleftalegacy.Istillcan’tbelieveIhadbeentherestreamingtheepisodesforhimx)KingOfTheYouth🙏🏻🙏🏻
92,ᄏᄏᄏ,갠적으로호응도1위간지1위쇼미역대급이라생각함이무대
93,NurulFarhanaLubis,Iwatchingthisin2020.Bobbycharismaisnojoke.
94,메르치보끔,진짜지금봐도소름돋는국힙역사씹레전드무대.바비를보면꼭랩을하는데딜리버리가좋아야할까라는생각이듬.오히려약간먹먹하게랩하는느낌이더좋아ㄹㅇ
95,salhwa,진짜씨벌간지는최강이다진짜랩실력은둘째치고존나멋있어씹...
96,JustinKang,"이게당시에얼마나큰사건이었냐면대형기획사아이돌연습생이그냥타고난멋그거하나로준결승까지진출함.딜리버리는안좋다는단점을무대에서보여주는멋과무대장악력으로다극복함.연습한게아니라타고났다고봐야되는데대형기획사아이돌연습생이라는딱지표를붙이고언더그라운드에서경력이엄청한우승후보이자심사위원급으로봐도되는구바스코,현빌스택스를잡았으니언더독의반란이라고할수있음.아이돌출신에타고난멋이있는걸로봤을때도끼는커리어상불가능하고박재범까지클수있을것같은데YG가뻘짓으로시간만날려버림."
97,아이엠제임스,바비가대단한게다른시즌애들보면결승가기전에다지리는무대보여주고정작결승가면별로라는생각드는데바비는결승갈때까지지리는거계속보여줌계속성장했음
98,진이,랩으로먹고사는사람들은바비한테감사해야지랩이라는문화는바비가99퍼센트알렸다고봐야함ㅋㅋㅋㅋ진짜19살이절대낼수없는간지가있다ㅋㅋㅋㅋ
99,아이묭,ㅅㅂㅋㅋㅋㅋ바비저때스무살아님?무대장악력지리네
100,Llll,진짜미친놈처럼무대조져버리네
101,wishyouwellOpO,진짜이형은ㅅㅂ존나게멋있네!!!!!!
102,진동언,지금도보는사람좋아요👈👍
103,KHS,다른동년배고등래퍼들헬리콥터모자쓰고컨셉질에재롱떨나이에ㄹㅇ힙합무대장악력으로혼자쇼미우승했었던거였네..진짜존나멋있는새끼였어ㅅㅂ;;
104,루브드,ㄹㅇ너무재능이네랩실력은둘째치고무대퍼포먼스가완성형이네ㄹㅇ무대체질연예인이다
105,쩜쩜,3:26쯤나만울컥.?.했나진짜개멋지던데평생못잊어...............
106,ᄋ3ᄋ,이거나오자마자노래방가면급식부터성인구분할거없이방마다짜고친것마냥릴레이로불러댔다ㄹ⍥중딩때남친만나러가면멋진척좀해보겠다고부르고있었음이곡하나로쇼미떡상ㄱㅆㅅㅌㅊ쳐버림
107,투명,태풍이름바비라서출첵하고감
108,OfficialMufi,Bobby'sperformancesmakespeopleshiver..
109,똥칼라파워,솔직히바비없었으면쇼미9까지방영절대못했음.그저그런프로그램으로알려졌다가갑자기소리없이사라졌겠지.
110,으눨,쇼미모든시즌통틀어최고의무대.무려청소년이이런무대를하다니..참..거참..
111,J,지금이라도바비다른소속사들어가서노래내도잘될것같은데아이돌보다는래퍼가잘어울린다
112,넌듣기만해내가해석할게,개인적으로난바비무대만한무대는없다고생각함..저때가20살이었나..?암튼저게20대초의파워...
113,Qing,"Afteryears,stilltheonlyidolwhowinSMTM,stilltheyoungestchampionoftheshow.Respect!"
114,TZ,19살이진짜힙합뭔지보여주네ㅋㅋ
115,잉이,"인기빨이아니야바비실력,무대장악력이너무오지는거임"
116,화하히히,너무많이봐서돈벌어서떳떳하게엄마만날수있어이!할때이모표정굳는타이밍까지완벽하게외워버렸다̄̈......
117,눈풀지마호흡크게,단언컨데한국힙합역사에빼놓을수는없는무대이때부터국힙이주류가됐었지
118,장민우,3:23ㄹㅇ쇼미올타임레전드급카메라워크ㅋㅋ
119,DoHwanKim,아직도보는사람손!!!바비형랩으로돌아와ㅠㅠ
120,jeminSun,바스코랑산이표정이모든걸말해준다ㅋㅋ
121,라로이,근데가사안보면뭐라하는지모르겠다그래도분명한건랩은잘한다
122,푸린짱,대학교1학년때남자새끼들전부이노래기본스킬로장착되있었음길거리술집에서도이노래거의한곡재생이였음ㅋㅋㅋㅋㅋㅋㅋㅋ
123,SNyoung,3:18쇼미역대최고명장면
124,쏘아올린작은공난쟁이가,이런걸두고무대장악력이라고하는거임
125,예삐소드,"아이콘이나바비안보인다는댓글들.사랑을했다후에해외투어했어서국내팬들도아이콘잘못봤어요.코로나전까지계속해서투어랑콘썰했고요.올초에오랜만에앨범내고방송오지게했었고요.지금은또YG가앨범안내줘서유튭만하고있습니다ㅎ전에예능서돌려말했죠.한빈이랑위너가.YG는계속귀찮게곡컨펌받으려애써야겨우앨범낼수있다고.블핑만신경쓴다고..가만있음3.4년에한번나올까말까라고.그나마아이콘이나위너는애들이작사작곡프로듀싱다하니까계속곡만들어서양회장컨펌받아요.매주.그래도잘안내주는데자작곡못하거나푸시못하는가수는썩는거지..오죽하면이수현도오빠가노래다만들어놓고군대갔는데도내내앨범안내줘서유튭만했으니.그리고아이콘구독자만720만명이고애들개인sns도기본백만명이에요.잘안보이는듯해도애들인기엄청많습니다.한국에서도콘서트하면30초매진입니다.아이콘은보통2~3일,하루2회씩콘썰했어요.팬엄청많아요.전세계합치면공식만60만명이니.유료팬아닌일반팬합침국내최고힙합가수보다....인기나돈이나..장난아님.바비솔로힙합앨범도냈었고."
126,QQioop,진짜지금까지이런레전드무대는없었다...
127,주하,이때서바이벌이랑겹쳐가지고둘다하느라정신없었을텐데우승한거...
128,정치충메르시원챔개씨발년,3:23거의뭐카메라구도영화급;;이정도면바비미안랩소디나와도되는부분
129,유현준,쇼미9사이퍼보고왔다과연쇼미9엔무대장악력으로바비를뛰어넘을래퍼가나올지가의문;
130,Luke,바비가힙합씬있다면돈주고보러갈생각있다.최고의힙합뮤지션
131,평범한시민,이거뜰때마다보고볼때마다소름돋는거나만그런가??
132,지니부기,지금트로트대란전에는힙합대란이있었지
133,sayhello,충격적인거))바비이때연습생신분이었음ㅋㅋ
134,쿄쿄,솔직히이무대보고쇼미유입된애들많잖아ㅋㅋㅋㅋㅋㅋㅋㅋㅋㅋㅋㅋㅋ
135,DarleneBeroin,2020stillcameherecozhe’soneofakind
136,nadasofiyyah,"imjustintosmtmin2020,andfinallygottoknowbobbywasthewinnerheexactlydeservesbythatalltalents"
137,흑진주권유리,바비혼자무대올라가서분위기쌉압도함...
138,혀누,무대ㅈㄴ잘가지고노네;;소름
139,에반,바비는진짜잘되면좋겠다..
140,flowerroad,beenmissingthiseraofBobbyIhopeYGEwouldlethimreleaseahiphopalbumforhisnextsoloalbumorATLEASTLETHIMDOACOLLABWITHOTHERKHHARTISTS.😩
141,BlueMist,"Afterthis,suddenlyKoreanrappersmademoremoney.LolKoreanpublicwasinterestedinHip-hopandinternationalfansdiscoveredK-hiphop.Bobbybroketheice.Idolrappersshouldthankhimtoo."
142,XiyoungX,3:24솔직히여기는인정해야된다얘들아...
143,divanai,2019anyone?
144,이대길,"솔직히난바비덕에쇼미를알게됨,,"
145,박민성,멜론으로수백번을들었어도이영상은어째맨날보고싶냐질리지가않네
146,Justapotato,Sincemyboychangbinisgoingtobeonthisshow..I'mheretogainsomeknowledge
147,김물개,힙합대시대의서막...그자체...ㅇ
148,ᄋᄋ,더대박인건쇼미더머니하면서아이콘뽑는서바이벌프로그램도같이하고있었다는거
149,오늘의밥,바비최상급쇼미캐릭터
150,Memory단아,"바비솔로앨범사랑해,수영해,텐데,런어웨이등등노래좋은거많아요꼭들어보세요!!!!!!!!!"
151,속이안좋아요,아이돌래퍼할려면요종도는해야지ㄹㅇㅋㅋ
152,VascoMad,"언제봐도관중호응,카메라앵글,분위기뭐하나빠진거없는완벽한무대인듯"
153,KR7,CamebackhereafterwatchingtheSMTM4semi-finalperformance...Thiswillalwaysbemyboy. Always.
154,예지,나는바비이무대볼때마다눈물남저어린나이에아이돌이라고무시당하면서도내가가족먹여살리겠다라는게너무보여서..가사에서부터돈없고집없는외국인노동자가왜독하고왜열심인지라는말이너무얼마나힘들었을지싶음..돈벌겠다고가족들이랑떨어져서어린나이부터연습생활했는데윈에서데뷔도떨어지고난뒤라이악물고하는게눈에보여서ㅠㅠ난저나이때매점가서쭈쭈바나사먹었지..
155,NicoleEstenote,Stillcomingbackforthis.Bobby!
156,김블리,진짜저눈보면씹미친놈같아서개멋있음..감동받을정도로간지남
157,수빈,1일1고리하루에조회수가1만씩늘어나네갓결고리
158,HTJ,랩라이브밴드관중호응카메라구도퍼포먼스지금2020이다지금봐도소름돋고감동적이다
159,비공개,바비도잘했지만악단도미친듯
160,miuk,쇼미더머니역대레전드오브레전드원탑무대
161,문지민,매번볼때마다느끼고하는말이지만ㅋㅋ피쳐링싸움없는무대가진짜세상제일멋있다
162,펭수냐옹이,난넘소름돋음..디제이밴드카메라관객너무멋짐
163,Bmickey,IseriouslyalwaysthinkthatBobby'sperformancesinSMTM3istheBESTPerformancesofalltimeseverinShowMeTheMoneySeasons.
164,Dfazirah,LEGENDARY!StillmakesmeWow!SoproudofyouBobby!
165,진도최강의진돗개,바비가진짜대단한게약안빨고네츄럴로우승한거거의힙합계의김종국임
166,vivi,YGWASTEDHISPOTENTIALASASOLOARTISTIFTHEYDIDPROMOTEPROPERLYAFTERSMTM3'SHYPEHEWOULDHAVEBEENONEOFTHOSESUCCESFULSOLOARTIST
167,흐하기모리기모리아이기모리,방탄은이거의반은할려나
168,EmpressSeung,"Hisstagepresenceisnojoke.Like.Themomenthestepsonstage,heownsyou."
169,RikaAyuMaghfiroh,LEGEND
170,doublekKim,이거본방볼때바비는아이돌에yg라는이유로우승은힘들겠다고생각했는데연결고리무대하나로진짜바비가우승할수도있겠구나라고생각을뒤집었지
171,Jeny,0:46Ionlyknowthewordsmirkonbobbyandb.iface.Literallyloveit
172,아으,"쇼미3가있었기에지금의쇼미가있고국힙씬의파이가커짐.쇼미1,2는솔직히원래힙합좋아했던사람들한테나인기있었던거고,바비연결고리,바스코187,아이언독기이3개가파급력이너무셌다.다른시즌레전드무대1개나올까말까할때쇼미3는레전드무대가3개나있음"
173,ᄋᄆᄆ,이때바비가지금하온이랑나이가같다는게믿기지않는다...어떻게학생티가하나도안나지
174,Jexel,"많은사람들은모르갰지만,바비는사실실수를한서너번했다"
175,슈가파레,바비는그냥힙합임.저렇게호소록있게랩할수있는랩퍼몇없다.
176,Lk.r,BobbyisalegendinbothKHHandKPOP
177,Saru,역대쇼미무대중아드레날린폭발시키는무대는이게원탑인듯
178,메날두,생각해보면이런무대를피쳐링없이20살짜리어린애가했다는게세삼대단하게느껴지네...
179,ᄋᄋᄋᄋ,3:18진짜봐도봐도개지린다카메라며관중들이며바비제스쳐며진짜씨발ㅋㅋㅋㅋㅋㅋㅋㅋㅋㅋㅋㅋㅋㅋㅋㅋ
180,김지현,와이건진짜ㅋㅋㅋㅋㅋㅋㅋㅋ덤벼낼자가없다..바비는두말할것도없고카메라무빙이랑밴드가진짜맛깔나게함ㅋㅋㅋㅋㅋㅋㅋ
181,마카롱티비수위쩐다,2020하반기커리큘럼:가짜사나이->베이식->옛날쇼미->쇼미3->여기
182,박승준,바비가아이돌하는게본인선택이라뭐라하면안되지만이렇게하는애가비교적랩의비중이떨어지는아이돌판에서한곡당1분미만으로랩하는게너무아까움
183,이준협,아무리뭐라해도쇼미역대급무대라는건조회수가인증..
184,Ruso,WENEEDTHISBOBBYBACK!IT'STIMETORELEASESONGSLIKETHIS!
185,배고파,진짜쇼미8까지통틀어서최고의무대가아닌가싶다카메라워킹이나바비ㅈ간지나는제스쳐랩핑쇼미8경연은그냥저스디스빼고어우...참ㅋㅋ
186,사십육대호적없이곁방살이김딱직,진짜개씹간지네옳바른비유는아닌데히틀러를따르는나치같은모습임ㄹㅇ손흔들어재끼는거씹간지
187,x0xvhanzg.,StilloneofthebestofSMTM!
188,csong,원래아직도보는사람ㅁ이런댓글그냥그랬는데이번엔진짜ㄹㅇ궁금하다ㅋㅋㅋㅋㅋㅋ아직도보시는분!!!++맨첨엔좋아요수천천히늘더니최근엔답글달린거알림떠서들러오면백의자리숫자하나씩올라가있네ㄷ...
189,moodragon,이때부터였다쇼미더머니비니열풍을일으킨게우원재가아닌바비가시발점이였다
190,기호,바비이때가20살임개찢었다ㄹㅇ고랩애들이랑은급이다름
191,AmongManDuSAJANG,얘는아이돌잘하는래퍼임
192,오니정,03:24무빙봐진짜..퍼포먼스혼자서뭐야대단해
193,김해사는코인깎는노친네,이새끼없었으면쇼미는5쯤나오고없어졌음ㅇㅇyg연습생이이럴줄누가알았어
194,부밍시스템업업,와추억이다연결고리ㅠ옛날쇼미가찐이었는데
195,ᄏ아나나피,6년지났는데도아직도소름돋아서계속봄
196,구원자TV,이때“그”의나이19...
197,iKON'sDahlia,ItseemsKoreansstillgobacktoBobby'sstages.DoKoreansstillgivehimtherecognitionhedeserves?ThismanwasacatalystinmakingSMTMandHip-HopreallypopularinKorea.Bobbydon'tseemtoflauntitbuthe'salegend.
198,apfhd0819,야관객들손흔드는거보면이게신천지아니냐
199,YaraJelly,"ItissaidthatBobby'scontractwillendthis2022/21Thequestionhereis...willherenewwithyge,willheleave?"
200,gunrosemadisonsebastian,"Istillcan'tbelievethisisthatboyfromvirginiawhocriedwhenhevideocallhismom,thatmemberwhowasawkwardwithanothermembernamedJunhoe,andtheboyfromikonwhosmileswithhiseyesdisappearing"
201,이상관람가,솔직히바비보다랩잘하고쇼미를잘이해한사람못봄
202,투명케찹병,진짜미친새기같다존나멋져
203,돈구멍너는,아이언독기와더불어쇼미역대최고투탑무대전설반박불가
204,반동무,2020에들어도최고의무대중하나네요.6년전의전율이...
205,blablabla3888,"today,4yearsago..a18yearsoldTRAINEErapperidolnamedBobbywinsShowMeTheMoney3"
206,두줄김밥,급식때점심시간되면밥먹고와서딱틀어서애들이랑봐줬어야됐음
207,Aidenᐛ,쇼미더머니역사상가장완벽에가까운무대같다..
208,윤지원,6년이지났는데조오온나멋있다진짜
209,Lara,YGalltheway-Bobby
210,Ramones,랩을아무리더잘해도이무대만큼간지가안남.생각나서볼때마다소름돋음
211,JamesDean,당시에보고또보고계속보다가몇년만에다시봤는데도소름이쫙쫙돋네.쇼미역대원탑공연인정?
212,vagabondo2000,1980년대초일본tv에등장한대한민국대표국민가수조용필오빠.26:45그당시세이코년이발꿈치도못따라가던인기댄스가수들의충격적인장면https://www.youtube.com/watch?v=3gvPPVGDQ2k
213,우성,태풍이름이바비라생각나서왔습니다..
214,크리스,실력이출중한데아이돌이라는타이틀때문에저평가받는느낌
215,융라,3:24진짜이건카메라감독도상줘야한다ㅋㅋㅋㅋㅋㅋㅋㅋㅋㅋㅋㅋㅋㅋㅋㅋㅋㅋ
216,farahina,Justareminderthathewasatraineeatthistime🥵
217,oncea_,솔직히쇼미대중화시킨건스윙스가맞다고는하지만쇼미흥행과수많은힙찔이들을양산시키는데크게일조한건바비가아닐까싶다...
218,H.누르마고메도프,쇼미에역대급무대에들어가는건확실한듯..!
219,오동통계란탁,내가군대에있을땐데이때군대사람들전부동노가서랩부름나도그랬고ㅋㅋㅋㅋ진짜쇼미3가최고졸잼이었음
220,뱅뱅,"밑에댓글도보고생각해봤는데ㅋㅋㅋㅋ와이지는와이지작곡가곡만쓸려하는게문제인듯다른곳이랑음악작업도하고그래야하는데그러면자기들한테수입이안가니깐ㅋㅋㅋㅋ씨엘도그래서노래내지도못하고비버한테노래넘어감,,,"
221,임현,어떻게저리어린애한테저런간지가나오지
222,보라보라곰돌이,아직도보시는분✋✋퍼포먼스는바비이건정의이자진리임
223,huanglese,1:36ImnotgonnaliebuteverytimeIheardthisIgetgoosebumps
224,이현경,예나지금이나...지금봐도바비제스처대박간지
225,Horizon,지또래들고등래퍼에서우승하니마니할때20살때쇼미우승ㄷㄷ몇년을앞서간거야
226,SakuraKim,"intermsofstagepresence,Bobby,alongwithGDragonandCLarethebestimo.Can'tbelieveBobbywasstillatraineeatthattime.Suchanawesomeyoungman.HopeI'llbeabletoattendtohissoloconcertoneday.."
227,오원재,역대최고무대로본다정말
228,HyeonLee,돈따윈필요없어어차피나온거끼야야야야야앙~~~~!!실력보여줬음됐어책상위에발올려끼요오오오옹오오~~~!!!엄마만날수있어에이~끼야야아아아아아악~~~
229,김알렉스,바비가쇼미에서나온사람들중에서랩을제일잘하진않아그렇지만무대장악력은최고인거같다.지금봐도소름돋는다
230,정경석,바비는쇠사슬찬호랑이다솔로데뷔시켜라.힙합하게둬라
231,둥둥,눈에독기봐망할수가없었음
232,samirasenpai,"hedidnothavetogothsthard,buthefreakingdidandIfeelsoattackedrightnow"
233,BLACKPINK지수,이거아직도보는사람손~~
234,dikemh,바비가아이돌연습생이었으며데뷔전인데도별의별악플과디스가난무했던판에서.이무대만봐도왜우승했는지알죠~~~무대를씹어먹고천장뚫는래퍼는쑈미통틀어서도탑3!!!IN
235,No.1,20살에yg연습생신분으로쇼미더머니3우승한거실화냐존나난놈이네스윙스가한말바비랑1:1로공연경연배틀로붙으면그누구도못이긴다던데무대카리스마무대장악력분위기랩실력제스처호응까지그냥만능이네
236,hwallie,bobbymadesmtmpopular.isaidwhatisaid.
237,ᄋᄋ,진짜피처링없이무대를씹어먹는래퍼가얘말고몇이나있을까
238,박현진,바비ㄹㅇ무대실수1도안하고항상무서울정도로잘했음
239,김현준,사실상바비가힙찔이를배출한거임
240,WhatTheJimin,Bobbymakesuretheaudiencearehavingfun!It'sintheYGblood
241,1214prim,역대쇼미무대중가장힙합이뭔지잘보여준무대..이무대보다랩을잘한무대는많겠지만바비의연결고리는일단엄청간절하기도하고호소력이있음.감성팔지않으면서도이렇게몰입감있기힘든데참대단함.
242,LyKhanh,wowBobbyisperfect
243,갓요한,태풍바비가온다해서옴
244,WeirdGirl,IthinkYGartistspossessareallyreallyhugeamountofStagepresence.That'swhyimaYGStan.
245,HaileyHan,바비이런무대또보고싶어요ㅠㅠ에너지넘좋고진짜아무도흉내낼수없는힙합간지있음
246,ColraCoka,와이건몇년전부터지금까지한번씩꼭생각나서보러오면소름이...돋네...
247,황세현,이때yg서바이벌이랑하루차인가그랬는데역대급무대만든거보면실전감각최상인버닝된상태였는듯;;지린다
248,KwangMinKo,와쇼마더머니한번도안봤는데무슨이런미친괴물랩퍼가다있었나머시고하면서아무생각없이보다가소름돕았네와바비찾아봐야겠네이게언제고와
249,Ahbahnon,Bobbyisreallythebest.
250,MJJ,일케다띄워놓고아이돌을왜하냐고.....하쇼미그립다바비는뭐하고지내나
251,FOGHOSiKON,오늘도1일1밥합니다...
252,Shahida[Multi•Stan],Ihavegoosebumps😭❤he'sabsolutelyincredible!
253,허,오랜만에떠서봤더니여전히씹소름이다가슴이웅장해지네
254,DaffO,YGartistsalwayshavethebeststagepresence.I'vewatchedmostofthevideosandBobby'sperformancestandsoutthemost.He'sgotthecrowdatthepalmofhishands
255,Unknown,아진짜바비앰비션에들어오면좋겠다ㅠㅠ덕화가키운1세대인데ㅠㅠ
256,SetyaW,Oneofthebestperformanceinsmtmfrfr
257,박정환,솔직히저때힙합팬들은바스코가이기겠지했는데바비보고바비가이길만했네했던무대
258,AdritaDatta,"An18yroldpredebuttrainee.Nodoubthe'smyfavoriterapper,andhisbeatboxinggoshhh"
259,Kisagenre,"comebackafterwatchedsmtm4...nah,thisisbettereventhoughIloveMinotoo...smtm4isadrama."
260,나상웅,쇼미더의끝판왕은바비.바비더머니
261,CHAESEONGLIM,ㅈ금문제가너무세련되져서인가?저때저갬성이약간거친느낌나는개매력이었는데사람말고무대나로고나그런거
262,정찬우,쇼미역대최고의경연무대ㅋㅋ랩실력이런거다떠나서그냥경연그자체를보여줬네..3분26초때인가?이때카메라앵글은구라안치고쇼미역대최고의장면ㅋㅋㅋㅋ
263,김선호,팀스윙스/산이가ㅈㄴ불쌍했던게이때세미파이널유일하게2명올려보낸팀이었는데바스코는바비연결고리한테떨어지고씨잼은아이언독기한테떨어짐ㅋㅋ역대급무대2개가하필이때나와버려서
264,QQioop,바비어머님은아들이얼마나자랑스러웠을까ㅠㅠㅠ
265,상빠,태풍바비와서생각나서왔다
266,nurulizzati,"That""I'mbackonthemicrophone""stillgivemegoosebumps"
267,evvyabba,"Peopleshouldcheckthisperformanceinsteadofhatingonbobbyfordissing,eventhoughhedidntnamedanyoneinhisdisstrack,,noonemadeabigdealofitduringthistime,,sowhynow,,"
268,스타벅스,이건8마일보다더재밌는영화다진짜
269,곽철용,이노래아러???따라불럿!!!
270,kyoson,3:25이건역대국힙에길이남을전설의장면이다..
271,다빈,이시절김바비를떠나보낼수없다힙합레이블들어가서래퍼커리어쌓아줘..
272,FeliaCiciliaPangau,IsawMCGREE...He'sfanboyingBOBBY..Lol
273,OhTheodore,"이때바비도미친놈처럼무대를너무잘해서결국우승한거지만그우승엔도덕의전략적승리도있음ㅋㅋㅋ가령밴드사운드,edm같은승부수를띄운게적절하게맞아떨어지고바비가진짜잘살려서우승했다고봄ㅋㅋㅋ"
274,ReikaShin,Can'tbelieveit'sbeen6years.Smtm9nextwow.
275,JinK,진짜이게힙합이지
276,노현준,14년도노래인데하나도안올드하네
277,Eu,1:18Bobbyisjustthetypetomentionhisfriendsinsongslol❤️
278,christabel,thegreatestkpopidolrapperofhisgen
279,IsmailahJha,Now2020...Butistillhearthis...
280,권태환,"쇼미3,일리네어,연결고리이세가지키워드는힙합을대중에게각인시켰지"
281,광주맛집,태풍바비의알수없는알고리즘에끌려오게된사람손
282,Hey!!,"Ifeellikesmtm3wasthelastgreatseasonofsmtmseries.4&5hastoomuchdramaeventhoughtheyhaveamazingrappersandeverythingisonlybasedonpopularity,alsothejudgesarebeingbiased.Ithinkitbecamelikethisaftertheshowbecamesopopular.Myopiniononly."
283,이겨둥,와..현재쇼미9보고있는데이무대다시봐도소름돋넹
284,리정,하진짜바비팬인데...실력에비해빛을못봄ㅠㅠ와지나가서다른좋은회자찾자..ㅠㅢㆍ
285,박시원,이제라도엠비션이라도탈출하자;;
286,주진상의주저리채널,역시선구자들의미친포스는역시후대의연습으로만들어진애들은못따라감...바비나허각이나울랄라세션의전율은못만듬.
287,요다,3:27지금쇼미는무대가너무높아지고커져서더이상볼수없는구도..ㅠㅠ이런관객사이에파묻혀있는구도느낌있고좋은데
288,밤빵,와영상으로만봐도가슴이웅장해지는데현장은ㄹㅇ장난아니였겠다...
289,큐리,이제코로나때문에관객들저만큼모일수가없어서그런가더레전드로느껴짐.
290,GON,와역대조회수네바비가ㅋㅋㅋㅋㅋ
291,kyoujinLim,설마이거아직도찾아보는사람나빼고아무도없겠지???
292,missmissy,ifKingGDis'oneofakind'thenIcanconfidentlysaythatBobbyis'superrare'amongotherrappers/idols..
293,quixoteYun,바비는힙합레이블들어갔어야됐는데아쉽다지금봐도쇼미역사상최고의무대쇼미가뜬이유가바비때문이라고봐도과언이아님
294,kimbab,3:24TheMoment™
295,김대현,아이콘진짜잘만뜨고사건만없었음빅뱅같은그룹될수있었을것같은데까비
296,박열,무반주랩에이은다음훅으로대결끝남...ㅎㄷㄷ
297,Penonbeat,진짜얘개미친거같음랩은몰라도퍼포먼스는국힙에서손에꼽을듯
298,젠젤리,항상보면서드는생각인데거기현장에있었던사람들이젤부럽다는거ㅠ
299,Qkql1001,"바비는진짜연예인이다..윈,믹스앤매치봐도실력좋은것도좋지만다른멤버들에비해무대를즐기면서멋있게하는걸아는거같다..진짜로폰으로무대보면서웬만하면별감흥없이보는데나까지흥이난다"
300,AnnaLee,Herockedit...gottaplayback20times
301,상펭,양현석이애여럿망치는구나
302,iKON[5YearsWith7KON],HereforrapperBobby!SPOTLIGHT(ost)forvocalistBobby!LoveandFallforBobby'salbum!
303,nikettejones,Ican'tgetoverhowhypethisbeautifulmanis.BOBBY-YA!!!!!!!!!!!!
304,띨띵띵,내가좋아하는래퍼로써다른사람이좋게봐주니까내가기분이다좋네바비앨범도많이들어줘요🤖
305,theA,IwantEnglishtranslationofthissong....😭😭
306,PeaceOclaritYRada,Sorrybutheisoneofakind!!!!
307,CEOKIMHANBIN,IkeepcomingbacktothispowerfulperformancebyBobby..Stillgivingmegoosebumps😱😳
308,김건우,이번시즌바비같은ㅈㄴ간지나는사람안나오나
309,kyungminjung,언제봐도또봐도자꾸봐도진짜레전드다
310,정여정,내기준역대쇼미무대중최고인듯!딜리버리딕션다필요없고걍바비간지로올킬!바스코의흔들리는동공킬포ㅋ
311,0000funky0000,"Outofallsmtmepisodesandseasons,ithinkbobbyheldthehighestviewsinmnetyoutube!Noonecansurpassbobby'senergyandperformanceinsmtm!I'mstilladdictedwithhisgrowlrapping!Lol!"
312,80zpauer,Iliterallygotgoosebumpsat3:26.Thisenergyisinsane.Andlookingattheproducers'reactions..itseemsliketheyalreadyknowthatBobbywillwinthisseason
313,냐냐움,이거9월달이후로보러온사람있냐
314,Crownpride,이때랑쇼미5가최고전성기아니냐
315,Rokie_TV,난2020년도에도찾아와본다...이게레전드시작이지
316,모택동,3:19대한민국최고의카메라앵글시작카메라감독일생없던일할맛나게만드네제스쳐없이입술만나불거리는요즘놈들과는급이다름.듣는이들긴장감을못놓게만든군더더기없는교과서같은영상이다
317,ᄀᄀ,저무대가일년전까지급식실줄서고있던사람이만들수있는무댄인가진짜넘사벽고등래퍼다
318,지용환,첨부터우승후보가쭉이기는전형적인쇼미에서강력한우승후보를약체평가된아이돌출신이이무대로이기고우승까지직행
319,killerpain,라이브실력이그렇게좋은편이아닌데도퍼포먼스를너무정확히알고있음ㅋㅋㅋ그래서관중호응이지렷던거임
320,yoo-rihKim,"IcamebackherecozImissYGboysperformingandamsogladIdid.Damn22Mviews,B.I.had10M,whileMinoft.Teayanghad23MviewsandsawlotsofKoreanComments🥺IwishIcanunderstandtheircomments."
321,MichaelaMašková,"Thidkid.Seriously.Heissogutsy.Hedefinitelyownedthestageandthepartfrom3:23ishellaepic.ComparedtoVasco,whosestageseemedabitdrytome.IamnotevensurprisedthatBobbywonoverhim.[sorry,IamnottryingtohateonVasco,he'sverygood,butthat'sjustmyopinionforthisep.]...andcansomeonetellmeifBobbywillbeinthefinalswithCJamorwithIron?Eitherwayitwillbeamazingfinals.Bothofthemarefantastic,butIwouldratherseeBobbyxIron....prettyexcitedaboutit♥﻿"
322,박선규Codix,바비의우승이유1.우승후보였던바스코가락무대로인한호감도하락2.무대스킬이부족해보인다고하는데저거연습생신분으로나가서우승한거3.빈도덕의전담프로듀서프라임비스타의씹지리는편곡4.아이돌이라고믿을수없는바비의실력5.피쳐링없이소름을만드는쇼미유일무이한무대
323,김승호,항상느끼는거지만바비는사기임
324,sandra_,IcomebackbcsBOBBYsanganOST!
325,성이름,손에꼽는무대임진짜
326,ᄋᄋ,이건몇번봐도카메라감독씹캐리
327,윤석이,부정할수없는최고의래퍼...
328,JJsmith,쇼미전시즌통틀어이무대보다퍼포먼스가좋은무대는없다
329,CodyJames,GodYGwastedhispotential.IKNOWhelikesbeingapartofiKONbuthe'ssuchatalentedrapperandhisstagepresenceisjustPHENOMENAL.
330,발음교정학원,내가유일히뛰어넘기안하는쇼미더머니레전드
331,Saiyashara,2020andI'mstillhere
332,asdfqwer,아이콘콘서트가재미가없을수가없지ㅋㅋㅋ
333,ᄋᄋ,곧온다씨볼ㅋㅋㅋㅋㅋ바비형너무아프게때리진마그러다다날라갈수도있으니깐
334,응알았어,동생이바비인형갖고놀길래생각나서보러옴.
335,ChaeWonIm,3:25Heisakoreaneminem....
336,lilamias,It’sbeen5yearsandnoonehastoppedthisperformance
337,AinaOthman,Alwayscomebackforthismasterpiece
338,졸졸졸졸물흐르는대로살것,"아침9시에이거한곡듣고자려고햇는데노래랑현장분위기랑소름돋게멋잇어서잠깻네,,,"
339,Huochenyu,"It'sbeen6years,andstillbeoneofthemosticonicperformance."
340,BIgBanGVIP,heborntobeonstage
341,popo,이때스무살이었다니어렸네바비가힙찔이들대거양산시킬정도로파급력컸었던장본인인데지금은여러가지로안타깝다
342,뀨신,긴장한바스코0:16입술마르는바스코1:23갑자기분위기가바뀌어서놀란바스코1:42가사가잘안들려서희망이생긴바스코2:32관객들반응이좋자의아한바스코2:44머리가하얗게변한바스코3:43나라잃은바스코3:57
343,더최소,차라리바비솔로앨범더내줘서밀어주지..이렇게가둬둘거면그냥그게나았을텐데진짜와쥐는왜이리활동을안시키냐
344,David,3:27보고솔직히닭살돋은사람손들어
345,YenYuongHor,Hisstagepresenceisundeniable😍😍😍
346,HandKing,톡식얘기가없네....톡식부른거밴드사운드신의한수다...
347,GopaAcharjee,Thatfirstlookofentrykilledme
348,지건,"제발솔로활동좀해줘제발지코,마이노급으로갈수있다구ㅠㅠㅠㅠㅠㅠ"
349,MariaFlo,BOBBYXYGGR=ICONIC
350,mkextra05,Legend
351,Teemo,엄마는저런아들이얼마나자랑스러울까..?
352,돌아와공주야,관객호응볼때마다최근시즌이랑비교되서다시한번레전드라고마음한편에자리잡네
353,모모,이때쇼미보는재미로살앗는데바비보고싶다
354,Lemonsqueeze,Iwaswonderingwho.Bobbywassayinghitooat2:07itsChamaneright??Histeammatethatgoteliminated
355,yvonnecharmaineharleneduriguez,Legend
356,BadethyaT.,AyeeeBobby.💕💕💕Respecttothisman.Wooooo.Stillhype-ingafterhowmanyyears.💕
357,프리시즌,바비와이지나와서제이팍한테가라넌그룹에묶여있을아이가아니다양싸는널키울그릇이아니다~
358,YaraJelly,"3:22...Ifeltthat,youfeltthat."
359,황금도토리,바스코표정가끔나오는데개불쌍해보임ㅋㅋ
360,배고파,이거는진짜레전드ㅋㅋㅋ이때새내기였는데연결고리진짜핫했음너와나의연결고리이런것도카톡으로많이했는데생각나네ㅠ
361,조원준,"진짜쇼미역대시즌멋있는무대정말많았지만개인적으로힙합은간지라고생각하는나에게쇼미3세미파미널바비무대가어나더레벨이다ㅠㅠ바비비니덮고노래부르는장면,관객호응도,카메라각도모든게완벽"
362,뀨피그,쇼미91화기념으로보러옴
363,김레빗,지금봐도무대킬은네가갑이다.
364,박현호,게스트없이이정도의무대장악력은...ㄸㄷㄸ
365,aylana,Itfeelslikeit'shisownconcert!Ilikeit!
366,LauraKayserRodrigues,thebobbyisdefinitelythebestonstage
367,뚱이,3:11언제봐도소름인장면
368,bb,오늘10/5일오후6시바비가부른드라마청춘기록ost나와요랩은아니지만혹시나관심있으신분들들어보세요
369,Lana,"Heisborntobearapperonstage!Just19andhasthemostpowerfulpresenceonstageIhaveeverseen..Hemakesmewannaturnupjustbylisteningandwatchingfromyt,Ican'tevenimaginehowIwouldreactifIwastherelive...THEBEST."
370,minKim,2020년8월에도보러온사람👋🏻
371,똥칼라파워,"진짜이때힙합감성이좋았다.지금은뭐만하면트랩에다가오토튠꼴아박는걸힙합이라하고자빠졌네.진짜요새랩한다치고트랩에다가오도튠꼴아박고가사는돈,여자,차,자랑으로가사떼우는애들한테이거100번보여주고복습시켜야함."
372,Serena,"Ohman,IwishIgettoseethisBobbyagain😭SMTMBobbyisjustsomethingelse"
373,_uuii,쇼미시즌돌아올때마다한번씩다시찾아오게되는영상ㅠ제발바비탈와이지해서랩제대로해줬으면좋겠다ㅠㅠㅠㅠ
374,nineB,"왜이남자에열광했을까?모두가아이돌래퍼를경멸하는눈초리로시작된쇼미3스윙스,타래,올티등의아이돌견제심지어사장마저도부담을줌살짝만실수해도,모두에게웃음거리가될수있는상황그러나프로듀서가바비의장점을끌어올리는일리네어일리네어팀에바비혼자살아남았음한번만지면끝나는상황에서,한번도안지고귀신들린것처럼이겨댐그렇다고대진운이좋았던것도절대아님TOP4가바스코씨잼아이언이었음8강은올티였고현재쇼미더머니같은우승자띄워주기식으로이긴게절대로아님.모두가아이돌을무시하고부담주는상황에서조차굴하지않고열심히노력하고,일리네어잘따라다니면서배우고의견도냈음그런상황에서등장한연결고리남자중의남자.한국힙합에게바비는어쩌면난세의영웅이었다~이말이여"
375,진현승,개인적으로쇼미역대레전드무대탑71바비연결고리2대마언독기3행주레드썬4비와이포에버5수퍼비수퍼비와6송민호겁7대마코187
376,youandme,Formehe'sstillthe#1
377,홍지헌,이게쇼미더머니지와...
378,OoOo,님들그거암?엠넷채널동영상중에조회수따지면쇼미영상중이게1위임ㅁ
379,QuỳnhAnh,"WatchingthisafterSMTM4final,stjustknockedme:Vasco,Basick,theyare2ofthosewhomadeupthefoundationofK-hiphop,whenyou'refacingwiththe""oldkings""likethem,youcannotbejustalittlecatchy,alittlefashionable,alittleemotionallikeMinodid,it'sobviouslyneverenoughtodethronethem.Yougottabefierce,bebrave,becreativeandlookominous,too,likeBobbyhere,he'slike:""I'mthenewkinghere,backoff,yourtimeisgonenow.""Anyway,IthinkOkeyDokeyismorelikeZicostyle,notreallyMino,justarandomthoughtofmine:)"
380,욤욤,아직도본다하내심장아..
381,YRJEONG,와이지에서나와제발...진짜이런난놈이양싸밑에서썩고있어서복장터짐
382,최정원,00:46바비씩웃는거개발린다
383,수연,고등래퍼갈나이에쇼미에서우승ㅈㄴ간지
384,NguyenHungViet,YGrappersarewaymoreundergroundthanothercompnies'rappers
385,aprl.ca,"Gohere,everyday"
386,MsiKONIC,Soproudofhim...alwayshaveandalwayswill...❤️
387,아카빵군,관객들호응이무대를대신말해준다ㅋㅋ🤣
388,코노TV,0:38이분헷갈리는데셋중누구죠?1.김구라아들2.김동현3.mc그리
389,모찌,얘는끼가타고남.연습생이였는데무슨무대5만번은섰던애같음..관중들호흥하게끔하는법을알고있고멋을알아
390,롤하는사람다정치인,야이거몇년전껀데조회수가계속오르냐
391,심민서,2:09~3:00독기장난없음
392,wolverinek,지금봐도마지막cc기날리는거역대급이다
393,HarryLEE,나도진성일리네어빠지만11:11은원래알사람은다아는앨범이었다면바비이후로대중화됐다봐도할말은없음이무대를구성한일리네어건무대에오른바비건쇼미탑급무대는ㅇㅈ
394,카킥,쇼미3이가장쟈미있었음
395,-_ᄒ,볼수록바스코는존나프로듀서같단말이지
396,ᄒᄉᄒ,이게고등학생랩인가
397,임재원,쇼미에서이무대만큼인상적인무대는없었음
398,호잋,오래되.도안지겹고간지난다ㄷㄷ
399,소소,바비이런랩할때라이브보면항상흥분해서발음먹는데그래도무대장악력때문에현장반응은더좋을수밖에없는듯.일단나는여기서무반주랩하다가3분20초부터밴드사운드더강해지면서랩하는거볼때마다소름돋음..저기사람들다좀비떼마냥손흔드는데바비팬도아닌내가현장에있고싶다는생각들정도
400,Fatimah23,Imissthatdays💔
401,하트브레이크키드,이영상의포인트는바스코표정인듯ㅋㅋㅋ자기보다실력은안되는데무대찢는거보고저놈난놈이다이런느낌?...침삼키고이건안되겠다그표정이적날하게나와있음ㅋㅋ
402,김성수,구라아들계속잡히넼ㅋㅋㅋ
403,marqueennnx,Hereistheenglishcommentyouarelookingfor.😉HANDSDOWNBOBBY🙌🏻
404,GA,"SomanyKoreancommentshere.Ihopeyou’reallmissingBobby.Pleasesupporthim!!!He’strulyoneofakind.Ihaven’tseenanyoneinkpopwithsuchflow,energyandhype.He’smorethankpop!He’sonanotherlevel!!!He’saworldclassrapper!!!"
405,윤창현,고등래퍼가쇼미우승ㄷㄷ...지리긴하네.
406,song시스,태풍바비가온다하여서왔습니다
407,에버글로우사랑해,이무대하나로쇼미8무대다씹어먹음
408,AnaS.,"3:21iswhentheyknewtheylost.I'msorrybutnoonecancomparetothisdude'sstagepresence,ifhewasfromanothercompanyorifleftYGforAOMGorIllionairehehadthepotentialtobecomeahugenameintheindustry.Ifeelsadseeinghistalentbeingwasted..."
409,pookika,락을지르고서는랩이라고우기던바스코에게'락을랩에접목시키는건이렇게하는거다'라고말하는듯했던공연정말제대로된저격이었음
410,구독눌러,바비가래전드찢었지
411,JJPAK,3:24베토벤도궁금해서귀뚫고보것다
412,Whee-,쇼미올타임레전드
413,JustARandomGuy,현재쇼미꼬라지보면바비는ㄹㅇ힙합이였다..
414,ChickenMoo,우리나라에힙합이메인스트림으로확실히올라온거는싫으나좋으나쇼미지분이상당할텐데그중에쇼미가이정도파급력을가지게된거는쇼미3에서바비의연결고리힙합이시작이라고생각한진짜ㄷㄷ겁나멋있었는데처음봤을때ㅋㅋㅋ
415,PepsiCo,랩을잘하건못하건다떠나서존나멋있네ㅋㅋㅋㅋㅋ
416,윤태훈,아이돌잘하는래퍼
417,흐혀,0:45살짝웃는거ㅈ간지네
418,Chalonmoon,ComebackandwatchthisafterSMTM6.Thisisstillthebestperformanceever!Bobbydidn'thavedancertofireuptheatmospherebutonlylivebandandmusic.DefinitelyimpressiveandnobodyelsesofarinSMTMcanbringmesuchanimpact!PShestartedthisnewperformancingstylewithlivebandinitaillybeforeanyoneelsedid!!!!
419,hunamalia,Thisstillgivesmegoosebumps
420,ArisaAki,"IhadbarelylistenedtoIKONbuteversinceEpikHigh'sBORNHATERgottoknowthemall,(there'ssomuchtalentthatitalltakestime)Bobbycaughtmyattentionbecausedespitenothavingheardhimbefore,hisvoiceisunmistakabletomeafterjustonesong,ithasaspecialstrangetonethatmakesitunique."
421,kimjm,1:42웃어면서밴드보네ㅋㅋ간지다
422,Lk.r,"legend,Bobbyisalegendandthisperformanceisthebestofall"
423,hohohaha,힙합으로얻을수잇는관객호응의절정이엇다
424,존버,그립습니다바비좌..
425,문어,3:26여기카메라구도가진짜영화같네개소름
426,JiwonHo,WanttounderstandthoseKoreancomments😭
427,hyeokKR,악마의재능원조다..
428,ash,2018ANYONEEEE!?!?!
429,FarhadAllJabbar,puftttttKingofyouthkinimenjadiRecordofyouth
430,까꿍이,와잠만진짜미쳤다또봐도
431,정필원,볼때마다닭살ㅈㄴ돋는다진짜루
432,이허니,진짜3:26는8마일에미넴하일라이트보다더간지남ㅋㅋㅋㅋ
433,JohnA,2014:노래못하는아이돌이랩한다는선입견2019:랩못하는래퍼가싱잉랩함
434,맜있는카레,3:23농구가흥행한이유
435,김성현,"바비는명실상부2010년대새로운충격이다.(긴글주의^^..)당시아이돌래퍼는싸잡아서욕먹던시절이였고그나마랩잘한다고인정받은지코역시아이돌프레임에어느정도씌워있었음.지코가아이돌중에랩을잘한다였지언더쪽이랑충돌일으키지않으려고직접적으로힙합쪽수면밖으로나오지않았었음.이프레임깨부신게바비였음.(지코가4부터직접프로듀서나오면서아이돌과언더를계속섞음.바비가깨부순프레임의영향을받았다는반증적사례가될수있다고봄)나는개인적으로바비역시아이콘이아닌일반레이블들어가서개인작업하고앨범냈으면충분히국힙에큰영향력있는래퍼가되지않았을까함.조명받지못하고큰관심이없었던힙합이쇼미라는프로그램의출현과함께바비라는캐릭터가등장함으로서힙합계를말그대로뒤엎어버림.이런말써도될지모르겠지만바비가힙합멱살잡고수면위로떠오르게하지않았나싶음.진짜어줍짢던쇼미시즌1과2를비교해서보더라도1년사이에나타난시즌3은완전히다른프로그램이였음.이당시연결고리는노래방인기차트상위권이였음(다들알테지만당시인기차트에는발라드와같은대중적인노래들이즐비했지힙합노래는별로없는게사실)쇼미3전에아는트랩3개만말해보라고하면말못할사람많을꺼임.심지어'트랩이뭐야?'라고말할사람이더많을꺼임.2015년기준2013년까지봤을때힙합은대중적으로랩과좋은보컬이만나서하는음악으로알려져있었음[2014년:로꼬-감아(크러쉬),매드크라운-견딜만해(효린),프라이머리-자니(다듀),스윙스-Arealman(에일리)2013년:눈물샤워-배치기(에일리),긱스-officiallymissingyou(소유)]그나마단순히랩만으로대중화에획을그은거하나해보자면빈지노(2014년/Dali,Van,Picasso,2012년/24:26앨범)말고없음.스윙스도솔직히쇼미2이전에대중적이였던곡이라고는본능적으로피처링밖에없었다..(2에서조차스윙스의음악이뜬것보다는스윙스의쇼맨쉽이더주목을받았지)여기서만봐도진짜랩으로만조져서인기차트올라간바비는명실상부새로운충격임(선배래퍼들이내놓은모든도전이단순히이어린고등학생친구가성공해냄)힙합이인기차트에말그래로랩으로만들어가게되는시대적전환점이라고봐도무방함.실제로도이당시남자들단체로노래방가서다같이알고부르는노래는연결고리였고(심지어일리네어연결고리가오리지날이라는것도모르는친구들도많았고아직도연결고리는바비노래구나하는사람들도많음)심지어어린친구들도다알았음.19살의고등학생,과거선배들도못한진짜힙합의대중화,같이출현했던빌스택스,씨잼,기리보이와도견줄아니뛰어넘은무대장악력,쇼맨쉽등하나하나가진짜대단한거임.+개인적으로나는이영상이한국힙합르네상스의시작을알리는영상이라고생각함.(이시점부터힙합이가요계에흡입되기시작한건사실이니까.)"
436,얼음이,3:18내가보기위해만든거
437,입시전문교대언니,관중들손흔드는거거의종교급ㄷㄷ
438,Ju-Ne19,IcomebackherejusttosaythatBobbysaurawhenperformingaloneisverydazzling.DifferentwhenheperformswithiKON.
439,sandra_,thisishowyoubreaktheprejudiceofidolrapperscan'trap😏
440,담배피지마세요,엠넷아쇼미9끝나고쇼미올스타전가자.모든우승자들다나오게누가우승할지궁금하네
441,호동,3:24최고의장면
442,컹순이,이거대체언제까지보는걸까?중독성개쥐림
443,NatashaWindmills,Fact:THISPERFOMANCEOFBOBBYHASTHEMOSTVIEWSINSMTMHISTORY
444,정예림,봐도봐도질리지가않냐왜
445,플레인에어,바비가쇼미이후로딱히뭐없었어도...우승할만했던퍼포먼스였다.일리네어의프로듀싱도큰역할했지만
446,스폰지밥앞니,내가이때바비겁나좋아햇는데요즘머하냐....ㅠ
447,루미당,3:24이때카메라무빙이아주한몫한듯
448,안쳔,0:38이때부터였어요힙합에빠지게된게
449,malem07ahan's,Whenyoulisten.youautomaticallyhumptoitsrhythm..itsbeat..stilla🔥..
450,남극참치,3:18디제잉챔피언DJWEGUN과탑밴드우승자TOXIC과바비와카메라감독의역대급합작
451,DAlleje,Thebestseasonofsmtm😎
452,나하영,진짜하루에한번씩계속본다ㅋㅋㄱㅋㄲㅋㄱㅋㄱㅋㄱㅋㄱㅋ20년있나요?
453,화공약품,정작본인은이게다임.하얗게태워버리고와이지끝밭로끝나버림.역대급무대에도..소속사문제임이건.
454,maibui,lovehimsomuch
455,효기,무대찢는단게이런거구나ㄷㄷ
456,이간지남,비니내릴때존나간지나네존나멋지다남자가봐도
457,유튜브프리미엄,3:23이때카메라감독모셔와라..
458,석암,다시소름돋으러왔어여..랩가사다외우겠네..ㄷㄷ진짜연구대상이다.ㄷㄷ
459,ganggang,3:23카메라감독님의영혼을받친최고의카메라카메라감독님:흑...불태웠다..
460,RaldShendaCarreon,"Thisnevergetsold.I'malwayscomingbacktothis.Idon'tknowwhy...maybebecauseofBobby'scharismaandstagepresence.Damn,heownsthecrowd!"
461,나는힙찔이,누나한테들려주었더니누나가사람이되었습니다.
462,박남주,"쇼미역사에획을그어버린역대급무대.쇼미3이후로본격적인힙합대중화가이뤄졌다고말해도과언이아닌데,이때바비간지는진짜대단했음"
463,마득슬.,0:38동현이여서뭐하노?
464,냠냠ᄆ얌,3:18진짜맨날돌려본다ㅋㅋㅋㅋ개소름
465,민이,쇼미전성기는딱3때인거같네
466,RikaAyuMaghfiroh,whysomanykoreancommentherenitrullythinkinghardlywhytheydidntbuybobby'ssoloalbumthatmostpreciousandwowicantsayanymore.bobbymustdeservebetter
467,이성관,쇼미통틀어레전드
468,삐삐,와바비진짜애기다ㅋㅋㅋㅋㅋㅋ저애기가쇼미인기올려놓고무대도다씹어먹네여기서엄청성장해간게보임
469,핑가,3:05진짜온몸에소름이다돋네개쩐다바비..
470,日本で韓国料理일본에서한국요리,오랫만에봣는데진짜이게레전드인이유는바비가그무대고무대엔바비만있다.
471,방주안,이런애가왜아이콘에....
472,Lillyshu,바비..진짜파는거면사고싶다ㅡ0ㅡㅋㅋㅋ
473,이태현,고등래퍼에나와야할나이에쇼미를우승한그는...
474,수트규TV,방송으로내보내려면이정도는되어야되지않나요즘하는애들은그따구로하려면그냥음원만내지공연대에는왜서는지..ㅉㅉ그걸무대라고...
475,임성훈,3:18.쇼미역사상최고간지
476,jaden,와조회수2천넘어갔네
477,ᄋᄋ,쇼미9결승곡이랑바비지원영상붙어도바비가이길듯ㅇㅇ
478,형차니,3:23와기타치는분기타칠맛나겠다ㄹㅇ
479,종현,3:52이분들이쌉캐리했다.
480,MilJung,amItheonlyonecantstopreplayingthisvideo?ithasbeen2yearsalready
481,떠돌이의사,"이노래가역대급인이유는,아이돌래퍼가욕먹던시절에자기모든걸걸고무대에발을올렸기때문이다.또한래퍼가아닌인간김지원으로서자신을뛰어넘고,모두앞에서아이돌도랩을할수있다는걸보여준거다"
482,MrLussiade,이제와서이렇게보니결과적으로바비가YG가아니라힙합레이블에갔었으면더좋았을거같다라는생각이잠깐든다
483,김광태,가족들이ㅈㄴ자랑스럽겠다
484,Rdcn,초반산이랩중독성오짐ㅋㅋ
485,edgy_unicorn_dont_care,Sohypedforhissoloalbum
486,시케,3:20dj개무심한거ㄹㅇ멋있다
487,오지혜,여러분...놀라운사실은이때바비19살이였습니다..
488,슈가파레,이때이친구나이가20살임
489,최준혁,3:23존나멋있노ㄹㅇ
490,감딸기,쇼미9에바비가프로듀서나와도될듯워낙무대도잘하고쇼미3에바스코기리보이올티씨잼등등잘하는사람들많이나왔는데도당당히1등하고프로듀서로나와도되지않나ㅜㅜ한번만다시연결고리2020버전으로보고싶다ㅜ
491,정,조회수2천2백만ㅋㅋㅋㅋㅋㅋㅋ이영상하나로얼마를벌어다준거야??
492,김진규,그냥에미넴이다미쳤다
493,ᄀᄀᄀ,다시보니까역대급대결이네ㅋㅋㅋㅋ언더씬최대의크루의리더va아이돌래퍼에다가국힙역대급명반이라는파급효과vs11:11의싸움이었음
494,2S,난무대보면서이때까지이렇게까지소름돋은건바비연힙뿐임딜리버리고뭐고그냥존나온몸에소름돋았다그래서지금팬됨ㅋㅋㅋㅋㅋㅋㅋㅌㅋ
495,ᄋᄋ,저때무대구조가지렸네.호응유도하기개좋음
496,블랙,3:26이장면은다시봐도소름이다...
497,MaxKim,3:18다시봐도ㄹㅈㄷ...
498,TrevisRiordan,breakingbadreaction
499,MerakiArt,BobbyisKorea'snationaltreasure
500,何皮皮,"1:20isawRESPECTfromVasco'seyes,hewaslike''Thiskidhasthefuture!"""
501,zzleepy_,sameguywhoownsawinniethepoohstuffedtoyandapologizestoitwhenhedropsit
502,feely,thisperformancestillsuperiorandvalidon2020
503,백서푸,솔직히음원으로보면쇼미최고는당연히아닌데음원아닌공연으로보면무조건1등인듯
504,흑인킹,계속봐도개소름돋네
505,배고파,진짜개쩌는데카메라워킹역대급...와..
506,댓글로구독자1000명찍기,아직보는사람있나요?출석하삼
507,유브렛,바비와쥐나오자와쥐음악이바비를못담는다
508,몽키맨,와.쇼미3가개간지였네..
509,ARDORK,쇼미3때왜욕먹었는지ㅈㄴ이해안되네ㅋㅋ
510,pongykra,Bobby！！！！！💕💕💕💕💕💕
511,HarleyQuinn,진짜레전드다..
512,이주혁,3:19소라게모드ON소라게랩핑시작
513,isssini,Bestfinalinshowmethemoney
514,유주형,비니내려쓰는거개멋잇네
515,rlgustla,이게결국쇼미띄움ㅋㅋㅋㅋ
516,히히,0:395252그리도있다구....
517,김선재,ㄹㅇ고등래퍼나갈나이에쇼미우승ㅋㅋㅋ존나멋있다ㅋㅋㅋㅋ
518,포히,3:18분부터가진짜ㄹㅈㄷ바비가레츠고하고디제이가손으로👈하는부분하고카메라각도랑관객들손까지ㄹㅇ힙합그자체로완벽
519,야코르키코르키,2:06차메인인생업적
520,MissJozey,"Bobbyisperfection,srslywho'swithme!?"
521,김태훈,0:38mc그리
522,soogyoLee,다시봐도소름쫙돋네이게바비지ㅋㅋ
523,팥드랴슈,언젠가는다시씹어먹을거야존버한다
524,영상은언능언능,이때엠비션이있고바비가yg가아니고신예래퍼였다면이야.......진짜대형소속사드가서망테크탄건바비밖에없을거다
525,장준후,3:24바비태풍와서카메라흔들리는중
526,꿀잼tv,2020년에이거보는사람손✋!!!!!!!!!
527,ᄋᄃᄋ,방탄아이돌랩1등ㅇㅈㄹ하는얘들이것좀봐라제발ㅠㅠ
528,최명수,내가힙합에처음입문하게된계기..그무대..
529,뻥지,이때20살실화냐
530,CHPark,2013년대학가노래방평정곡
531,김수빈,3:22전설의시작
532,Black,3:18가슴이웅장해진다
533,박준우,바비멋지다
534,GraciaGisela,"Itwasalmost3yearsbutI'mplayingitoverandoveragain,Bobby'sstageperformancesalwaysthebest!IamlikealwayshighwheneverIseehisperformanceslol"
535,이항,이거힙합걸즈보고온사람ㅋㅋ
536,기슈스가,19살맞냐...와그냥ㅈ간지다..
537,힙찔이,ㅅㅂ다시봐도개쩐다ㄹㅇ
538,정동민,이때바비때문에비니샀었다
539,EILEENMELISSAMAE,hekilledhissemifinalstage.ihopehewins!
540,끼리댄티,솔직히뭐바비발음안좋다저당시에는욕개많이먹었는데지금다시생각해봐라ㅋㅋㅋㅋㅋ요즘가사안들리는싱잉랩판치는데지금들어보면난은근잘들리는데ㄹㅇㅋㅋ
541,"Shutup,I'mpretty",Idon'tknowwhatthehellthisdudesayingbutthatbeatcrazy!
542,조이현,3:26수많은장면이있지만이게가장역대급이라고생각함
543,Temgod,저때쇼미안보는데바비랑연결고리는알았음
544,Jay,00:39mc그리아님?
545,JakeKwon,존나멋지다진짜로
546,sihzK,아직도학교에서연결고리부르는분
547,AA,저건카메라맨도찍으면서가슴이웅장했겠다
548,김성철,진짜미쳤다..계속보게됨..레전드..
549,최연지,2021어차피볼사람
550,Kraphore,"""무대장악력""이라는애매모호한단어는이무대로정의됬다는생각이듬"
551,제라스,제목생각안나거백온더마이크로폰치니까나오네ㅋㅋㅋ
552,임형진,"아직까지보고있는내인생이레전드,,"
553,aprl.ca,Givemesomeenergythissong
554,하이염,와진심ㅈㄴ잘한다
555,OliviaHom,"DoesanyonehearBI'svoiceat1:39?Also,BobbyslayedthisperformanceandIlovethefactthathementionedBI,Mino,andZico."
556,aaab,이땐진짜날것의느낌이있었는데지금쇼미는약간잘짜여진퍼포먼스보는느낌
557,돼지보틀pigbottle,쇼미9에는거북선을넘어간goodday를넘어선연결고리를넘을곡이나올까?
558,ClaireK,Thisperformanceislegend.Irepeat.Worthwatchingathousandtimes!!
559,tutubibi,iloveyoubobbythebestperformanceeverrrrrrrrrrrrr
560,YH,딜리버리는솔직히별론데무대장악력이랑씹간지는역대쇼미무대손가락에꼽히는거ㅇㅈ
561,화니,진짜ㄹㅇ찐힙합이다
562,마성의컨트롤,3:20아끼던팬티였는데...
563,고양이,저때만큼은에미넴이다
564,김한결,관객들호응무슨사이비종교같다ㄷ
565,ekffo정미옥,힙합딜리버리중요시하면그런분들찾아가길..밋밋한무대정확한발음..그보다간지가최고임바비는간지그자체임무대를이렇게자기화시킨애있었나바비가첨이자끝임저무대관객들이왜바스코보다바비를원했냐면..영상에나와있음쇼미지금까지바비넘어서는애없다
566,보경정,바비보고싶다
567,NA832,국힙은바비연결고리전후로나뉨
568,햄스터,일리네어해체되서급하게왔습니다..
569,전준혁,이때바비20살아님?ㅋㅋㅋㅋㅋㅋㅋㅋㅋㅋㅋ오지노
570,Pat,Bobbycouldhavebeenbiggerthanheisnowifyggivehimchancetoreleasenewsongss:(ormaybereleaseikon'scomebackfaster(?)justsaying..
571,유유,3:24다들이거보러온거아닌가요
572,담담Tube-iKONIC,전밥이펜이라힙합을이걸로접했는데다이정도하는줄..하지만현실은..쩝
573,최하이,2:43할만하네3:42졌다...
574,임지우,쇼미9기념성지순례
575,PrincessVee,"NooffensetootherwinnersinSeason1-6.ButBobbyformeremainssuperior,Season3remainssuperior.He'saBeast,amonsterwhendoinghisthing.IhopeYGwillgivethismanwhathedeserve"
576,GemIndaeyo!,Myenergizerbunny...Stillaking!!
577,김혜경,김바비는찐이야진짜
578,BOBBY,waaaooooowwwbobbylloveyou🤗🤗😍😍😍
579,낙엽을걷는징징이,바비가나온쇼미3가뜨기시작하는힙합을음지에서양지로이끈거도있음
580,KarenSosa,"KIMJIWONesaotronivel,realmenteunaleyenda,tutalentoesimpresionante♥Brillasenelescenariograndemente"
581,조성규,바비는일리네어를갔었어야했다...
582,asasf,3:18여긴볼때마다소름돋네
583,chalsjarson,2:44비트없이지껄이는거그만좀따라해라.!!
584,채수인,힙합대중성올린건솔직히쇼미3시즌인듯그중심이바비고ㄹㅇㅋㄱㅋㄱㄱㅋ
585,YuleRa,인생열심히살고싶을때보는영상
586,수연,김지원개좋아ㅠㅠㅠㅠㅠㅠㅠㅠㅠ솔앨나오자..나올때도됐잖아
587,비단잉어,바비댐핑이줜나게좋음ㄹㅇ
588,잉갱,1:38왼쪽에언프리티랩스타나왔던그레이스?아닌가
589,mya,"2020andistillgetGOOSEBUMPSwheniwatchthisperformance,thataudienceissoluckytohaveseenthislive🤧"
590,슈가파레,역대최고의무대임.가사사운드카메라...
591,조지,바비신곡태풍내자
592,"엄마,성공해서돌아갈게",03:22여기카메라줌인줌아웃은최근10년간카메라무비중최고가아닐까
593,AuliaHanifa,Theacapellarapfollowedbythatdrumandguitardropreallygaveapluspointontheperformance
594,skarudhan,3:14쇼미전시즌통틀어서올타임레전드장면
595,김우혁,나만3:25초부터소름돋냐
596,최완투,3:24에서에미넴씬이보였다
597,ᄋ으아라ᅡ,"쇼미더머니바비,송민호vs블랙넛구도,비와이딱세장면이역대최고라고할수있지힙합매니아뿐만아니라모르는사람이없을정도의영향력"
598,꽃도릉,제발이런솔로앨범하나만ㅠㅠㅠ
599,김지훈,바비지금도무반주끝나고한끝부분은몇년째몇번을봐도소름끼친다
600,_myOmy_,SMTM3wasstillhiphopevenifsomeidolscamein.butSMTM4isonlydramaandnotcuzoftheidolsbutbecauseofMNET
601,lolobeloloda,BobbyisstillhemostrelevantSMTMcontestantandnoonecouldsayotherwiselol
602,loverain8631,"Respect!thisislikeoneofthebestSMTMperformancesofar.andhe's19here,likewhat,thiskidisabeast.VascoandSanE'sreactionattheendsayitallhaha.He'ssogreat,IhopeYGgivehimoppotunitiestoshine."
603,CơmKim,BOBBY:''Iwillearnmoneyandmeetmomconfidently''Youarethebest
604,lilid,INEEDBOBBY'SSOLOALBUMNEXTYEAR!
605,twowordsonefinger,thiskidisaBEAST!
606,한달연봉1억,지금나와도1등무대
607,이콩닥,진짜레게노다..
608,LongNguyen,Comebackheresomanytimes.Bestperformenceofbobbysmtmseries
609,Burçin,heislookinglikeababyyethe'samonster
610,nabinm,still'bestshowever'forShowmethemoney😎
611,LunaMonet,2천만이넘어가는조회수라니
612,화슈,실력도실력이지만진짜전략도좋았던것같다
613,강려준,오늘밤그가옵니다.
614,PutriNh,OmgnowisShowMeTheMoney9!!!
615,슈가파레,쇼미9에바비나오면좋겠다.ㅠㅠ나오지..
616,배고파밥줘,바비신곡언제나오냐꽐라지렸엇는데
617,?~?a,진짜쇼미3는전설이다...
618,이썽령,03:24다시보니까이거줌인아니네ㅋㅋㅋㅋㅋㅋㅋㅋㅋ카메라감독님앞으로걸어오는거였엌ㅋㅋㅋㅋㅋㅋㅋㅋㅋㅋ
619,박성하,요즘은이런느낌의힙합이사라진거같다어찌보면요즘엔싱잉랩밖에더보이지않는듯
620,YrojLaiBiron,"""I'mBobbybytheway""3:53It'slike...I'mBobbybythewayyournextbelovedlegend."
621,ZhibekZhetekbay,"AndnowwatchHiSuhyun""I'mdifferent"",twodifferentpeople:D"
622,626Dimsum,"wowhe's18herebutrapandperformlikeapro.WatchedSMTMand,Ithinkthathewassoyoungbuthe'ssobrave,he'swildandfreeonthestagetoo.Ilovehisstyle,histonevoice,hislyrics,hisstagepresence,lookatthisstage,it'slikeoneofthebestsmtmstage,Ithink.Peoplealwaysclaimthathe'snotbetterthanthisorthatbutIdon'tcare.ofcoursehe'snotthebestoutthere(evenBobbysaythathimself)butyoucan'tdenythathe'soneofthebestandthat'senough.He'sstillyoung,Ihopehe'lllearnmore,improvehimself.I'mreallyrootingforhim."
623,아수끕,갠적으로빈지노24:26앨범이쇼미3영향력급으로힙합대중화에한몫했다고봄.
624,박인서,암넷이무대를기억하고소름이돋았던적이있다면무대중촬영금지를시키는게좋지않을까?
625,워체스트,힙합이란장르를대중화시킨무대이자장본인
626,써머SUMUR,후드러머미쳐버려
627,다빈,0:26이너래아뤄?따라부뤄!!!!!!!!!!!!
628,KendraLyons,"OMGBOBBY!!!Thiswillnevergetold,2020andIstillmisshim"
629,율리안드락슬러,이래퍼는2년뒤쇼미더머니5피쳐링에참가하여무대를다시찢어놓습니다.
630,verpoolli,3:25
631,S2굿나잇,와씨카메라구도진짜미쳤는데
632,창준오,목긁는게허락된유일한아이돌래퍼ㅋㅋ
633,ABCGAME,3:25소리끄고보면좀비영화네ㅋ
634,케이틀린,19살무대맞냐??
635,SunaGüneş,thebestrapperformanceihaveeverseen
636,마이노,3:36한껏삘탄밴드ㅋㅋㅋㅋㅋㅋㅋ드럼은왜저렇게치는데ㅋㅋㅋㅋㅋㅋㅋㅋㅋㅋㅋㅋㅋㅋㅋㅋㅋㅋㅋㅋㅋㅋㅋ
637,안jc,디제이손짓하는거랑드럼이랑기타세션존나멋있다ㄷㄷㄷ
638,King'sGod-Generalmega지민,0:38엠씨그리젊다..
639,RoselilyWinget,"Bobbyismymostfavoriterapper.AfterEminem,GD,TOPandMinoofc.&IloveBI,Sugatoo."
640,BrownLady,OMGallYGartistsshowuthattheydeservetobeunderthenameYGandweallknowthatYGisallaboutskills
641,김민규,3:10
642,라로이,쇼미레전드명장면바비솔로음원좀내주라
643,ᄋᄋ,"이때바비가쩔었던이유가씨잼,바스코,아이언이런괴물들이랑싸워서무대에서이긴거임"
644,제리,0:38이거김구라아들mc그리아님?
645,니주제를알아라,지금봐도소룸돋네...ㅋㅋㅋ대박..ㅋㅋㅋ
646,God,1주일후에다시봤는데..아직도소름끼치네;)
647,AmnetOfficial,00:38구라형여기에요~~^^이거찾고있죠?
648,준영이,어떻게산이오프닝랩이쇼미8보다좋냐
649,영첸,연결고리도바비덕에뜬거다
650,키뭉연,쇼미더머니BOBBY'연결고리'와BEWHY′Believe!ForeverForever′는한국힙합역사에획을그어놓은무대다.
651,칠천피트justwalk,"2,200만뷰...엄청나다~~!!"
652,ClaireK,"WeneedtohavethisBobbyback,YG."
653,쥬쥬,크게될놈..얼른yg나왔으면
654,abhipreetiacharjee,yggrwaschartinginkoreachartsatthattime?really?
655,박상훈,태풍바비보자마자생각났다..
656,백승현,바비비니쓰니깐왜케귀엽냐
657,정서한,3:20
658,이용규,3:18여기부터는진짜볼때마다소름돋네
659,Qkql1001,"바비킬링벌스제발한번만나와주면안돼냐?연결고리,가드올리고바운스,L4L,l’mill,바비솔로앨범에up,텐데이번에송민호앨범에okman,이리와봐,bornhater,나는달라피처링등등...솔로라도내주든가랩하는거좀보자고힙합무대가쇼미이후로몇년이지났는데볼게없어..바비무대보고나면딴래퍼들무대재미가없어짐"
660,suhidf,존나간지난다ㅅㅂㅋㅋㅋㅋㅋㅋㅋ
661,ᅳdanik,welli'mbackonthisvideoagainshshsh
662,서다니엘,저관객반응봐라.쇼미통틀어최고의무대는확실하다.
663,모나리자,0:38중간에mc그리
664,다현,제발솔로좀내주세요..
665,오돌오돌떨면서오돌뼈처럼살고있는데,바비와이지나와서그냥힙합레이블들어갔으면...이실력썩히기너무아깝고자기도이런랩이얼마나하고싶겠어ㅠ일리네어나엠비션갔으면좋겠ㅠ
666,이워,0:39MC그리ㅋㅋㅋㅋㅋㅋㅋㅋㅋㅋㅋㅋㅋㅋㅋㅋ
667,OKoh,3:26레전드앵글
668,SethaesHyeromance,3:17발라드충인내가힙합으로빠지게된계기큰충격과소름이돋았어....그때
669,비밀일기,쇼미더머니역대급무대였지...
670,김도현,0:38mc그리등장
671,헹헤,0:00너희는바비보러오냐?난이거보러온당ㅎ
672,줫빨아,이무대는캐리한사람들이너무많음카메라각도오지게잘잡았고관중들은좀비처럼손흔들고
673,난닥훈NanDacHun,0:25자기목소리가묻혀서빡친표정
674,ga1983ram,2:38무반주랩지린다다시봐도
675,김태환,3:23이건다신쇼미에서볼수없은레전드중씹레전드임
676,CigarLouis,리얼김치쓰8마일은주기적으로보는데도항상가슴이웅장해진다
677,지나가던철근,뭔가가장쇼미더머니갬성인무대제일마음에든가
678,Re,진짜다른건몰라도3:21바비폭주할때관객호응사운드카메라앵글디제이피처링까지ㄹㅇ모든게완벽해서소름돋는다
679,PEZCOKER,쇼미말고국힙역사에한획을그은장면3:22
680,LeopardHamz,HejoinedSMTMwithB.Iwhilethey'reonMIXandMATCH.Heisreallythebestkpopidolrapperintoday'sgeneration.
681,MàGicDréàms,BestYGrapper
682,be_my,"저때아이돌래퍼들이쇼미나온다는건정말자기실력에자신있다는거고,실력과상관없이욕먹을준비가되었다는거다.따라서바비는아이돌타이틀넘어서우승한실력이라는거지"
683,대호,이거진짜라이브로들었으면진짜기절햇을수도잇음ㄹㅇ
684,thisjust,2:33“음치면연습해”
685,"송파,개포1채씩보유자",태풍바비보고들어왔습니다!!책상위에발올려!!
686,박은선,오랫만에들어와봣는데..소름돋는다대박👍
687,TsenguunOdgerel,hemadehistoryinSMTM
688,asasᄒᄒ,"저네명중바비만마약안함(아이언vs씨잼,바비vs바스코)유일한생존자"
689,도영아사랑해,0:46여기서끝났다
690,신성민,스트레스풀땐차타고볼륨45높이고5년째듣고산다
691,차탑,무대장악력하나는쇼미원탑ㅋㅋ
692,EricaSpiderlily,3:23partwassolitBOBBYyouaretheking
693,사람,아이돌래퍼무시하다가릴쿠기보고왓더니레전드네여..그래도방탄은좀
694,DAlleje,Thebestseason😍
695,아니아니,3:10부터보면ㅈ됨개좋아
696,정창랑,저때바비고등래퍼나가야하는데쇼미가서우승ㅋㅋㅋㅋㅋㅋㅋㅋㅋㅋㅋㅋ
697,GracelessGrace,"3:26wowjustWOW.I'mnewtokpopandthisisdifferentfromanykpopvideoI'veseensofar.Bobby,youjustgotyourselfanewfan..."
698,복많이,헤이!디제이!켁뎃쏏렛츠고!
699,#해바라기,"야,이건볼때마다멋잇따ㅎㅎㅎㅎㅎㅎㅎ"
700,초코파이성애자,형사랑해
701,ᅵᅵ,3:18렙잘모르는데진짜다떠나서관중들이개소름돋게만드네근데댓글보니까한국인들죄다렙평가전문프로임??
702,kimbab,somanykoreancommentsihopeit'sgood
703,znepp,지금봐도박력오진다무대매너관객밴드카메라무빙혼연일체로조져버리네ㅋㅋㅋ국힙판게이된지오래라저때무대가그립누..요샌친목질씽잉에딩고빨대에아주래퍼간지라곤찾아볼수가없음
704,KK,와조회수실화냐ㅋㅋㅋ
705,샤인드킴,3:23이거보러온다
706,댓으로만구독자만명찍기.,아직도듣고계신분좋아요눌러줘요
707,YouWoojin,"""레전드"""
708,박창현,힙합에판도를바꾼무대
709,휴저런어,그래요저는오늘도봅니다.
710,VNNoobMaster,Ihopebobbyreturnssmtm9producer
711,쬬니드루,또왔냐?
712,우지호군대가면뭐하고살지,진짜아무대는개레겐드..바비사랑해
713,_현,바비야보고싶어ㅠㅠㅠㅠ왜이리멋있냐ㅠㅠㅠ
714,EDNT,3:21ㅠㅠ....
715,nyu,이때바비고등학생이였다고.....미친거아니야?
716,도현보호위원회,약국에서나와ㅏㅏㅏㅏ
717,러비더비,5년째보는중-ㅋ
718,Miz*692Likatu,Dammmnn.Thisgavemethechills.#YgFamily4ever
719,김기현,0:56이거동현이아니냐엠씨그뤼
720,BIGBANGVIP,BOBBYdidn'tjustbroughtjusticetoallidolrapperabutalsoundergroundkoreanrappers..firstIdidn'tevenknowkoreanundergroundrapperexistsuntilbobbyIjustknowonlyaboutidolsrappersandthatGDandTOPweretheonlygoodrappersinkorea...AfterBOBBYminoappearonsmtmIfinallynotuceundergroundrappersandtheirskills👌#USAygStanRepresent✌﻿
721,몽뮹,3:23비니로눈가리고리듬타는거진짜미친놈같아서간지남
722,AljawharaAlshareef,"thisiswhyyoucantbethe""secondBobby"""
723,KimJiwon,who'scomingherejustafterheardnewsaboutbobbywillhavesolotrack??🙌
724,스트빠감,쇼미보지도않았는데하도애들이연결고리타령해서처음으로쇼미봄ㅋㅋ쇼미4부터바로본방사수들어갔다ㅋㅋ
725,축구의신린가드,2200만ㅅㅅ
726,ᄆᄋᄀ,진짜오졌다
727,박진석,쇼미역사상제일히트친곡이다
728,RobinsonMarc,아카펠라하고넘어갈때존나소름돋음..
729,이이잉,자자20년10월집합
730,고대경,요즘은나만들으러오나..?댓글이없네
731,SeaSquirt,0:38김동현ㅋㅋ
732,ZhibekZhetekbay,CanIsomedaystopwatchingthisperformanceagainandagain?!It'slikeanaddictionnowxD
733,댕댕이,태풍온다길래들으러왔습니다
734,Destreza417,와비트다시드랍되면서훅하는거ㅈ간지네ㅋㅋㅋㅋㅋ
735,에픽,3:23
736,즐라탄이브라히모비치,바비쇼미심사위원으로나오면좋겠다
737,채정민,쇼미8보다이거보니까귀정화되네ㅋㅋㅋㅋㅋㅋㅋㅋ이제는개나소나싱잉랩~~~
738,김명일,ㄹㅇ밴드랑같이한것도신의한수인듯
739,거름tv,봐도봐도넘소름끼치게좋음
740,Lhj,0:38그리
741,뀨신,솔직히카메라맨누구냐ㄹㅇ각도ㅆ개오지네
742,민준기,0:38너가거기서왜나오니??
743,MGK,카메라형님이시즌3이후의쇼미를창조하셨다
744,jaehoonJeong,힙합별로안좋아하는아잰데이건진짜소름돋게머찌네
745,이생첨TV,1:38그레이스누나가왜여기있어..??ㅋㅋ
746,푸른바다,진짜미쳤다bbb
747,김은숙,지금봐도최고인무대...아도끼...그립다...ㅠㅠㅠㅠ
748,목진원,이걸30번넘게보고있는내인생이레전드다..
749,SashaC,이게짱이야몇년전껀데도보러옴
750,조유진,전율오지네
751,루브드,카메라구도가ㄹㅇ잘항ㅇ
752,빙구,출석체크
753,신혜,진짜소름돋네..
754,kw,저기서드럼기타치고있는게탑밴드톡식
755,NATASYAPUTRI,Solit🔥
756,김지휘,0:38mc그리
757,juliwijaya,stilltheonlyone:)
758,김동욱,와후반부진짜씹간지다바비는확실히간지남
759,힙하지호,LEGEND
760,이승연,진짜세상에서제일간지나는소라게
761,TheOverAgeFanOfBangtan,I'mbackonthemicrophone...thesewordsstilllingersinmyearsthough...
762,JinheeOck,justcan'tstopwatchingthisoverandoveragain.
763,메로,바비가쇼미띄운건팩트다
764,꾹꾹,이렇게오토튠빼고랩하라고ㅅㅂ.
765,NadineSilvestre,WhyamIjustwatchingthisnow..Bobby'srap👌🏻👌🏻👌🏻👌🏻
766,십박주누,1:38혹시이여성분호응보고싶어서오는사람나뿐임?ㅋㅋㅋ
767,이선호,쇼미는아무리봐도시즌3이제일좋앗던거같다...
768,김민혁,3:56이동국아들대박이?
769,노란도라에몽,"힙합을매니아위주의장르에서,주류로대중화를시킨역사적인순간.쇼미+바비+일리네어의합작품."
770,김지은,멋지다^^
771,김뚜비두바,1:39내초딩때2-4반담임쌤같은데ㅋㅋㅋㄹㅋㅋㅋㅋㅋㅋ
772,우도빈,딜리버리에크게신경쓰지않아서더간지남쇼미우승자모아놓고공연한번했으면좋겠다
773,Flex,바비가이때YG말고일리네어갔음어땠을까싶다
774,랽랽랽랽,아니근데더콰형왜케젊냐ㄴㅋㅋㅋㅋㅋㅋㅋㅋㅋㅋㅋ
775,어이,0:38김구라아들등장
776,whereisforest,LEGEND
777,냠냠,근본은바비지............
778,Ililjjfffrrffflliikkkjj,"웅장한세션,카메라구도,비니내리면서역대급좆간지내뿜는바비ㄹㅇ미친무대임"
779,블루밍이유,그명장면나어기전에모자로눈가리는거ㅈ간지네
780,mimi,캬바비는간지다
781,wordkill,CamebackhereafterwatchingtheUnprettyRapstarSeason2version.Causethisiswaaaaaaaaaaaaaaybetterandyallknowit~
782,이무무,03:26카메라앵글을이렇게하는건쇼미역사상처음이자마지막아니냐?욕나올정도로멋지네ㅆㅂ
783,즐라탄이브라히모비치,이형은얼굴부터모든게간지다
784,박규영,3:19부터시발바비도바비인데dj웨건의손가락제스처톡시의전자기타울리는소리가개씹간지
785,진리를추구하는자,볼때마다가슴웅장해진다
786,달의아이,"TomeSmtm3wasthebestseasonEVER!icouldfeeltheprogramwhilewatchingit,smtm4wasamess(myopinion)eventhoithadalotofgreatrappers,BUTSmtm3Slayedalltheway!"
787,애옹,11월11일이라일리네어11:11생각나서보러옴
788,내이름은익명,00:42스윙스거만해보이는거보기불편하네
789,이유나,와ㅋㅋㅋ진짜인기많앗는데이때
790,케빈듀란트,진짜존나멋지다ㄷㄷ
791,MesamNuu,itsbeenalmost6monthsbutstillcan'tstopwatchingBobbyoppa😍😘👆
792,이쁜글씁시다•26년전,3:18시작3:26ㅆㅂ
793,구자철팬,진짜보면볼수록개쩜그냥개멋있음
794,ᄋᄋ,1달만에출첵이요..
795,alwaysbemine,바비어린거봐...
796,TelleTubby,I'msogladhewin.Hisperformanceissosplendid.Breakingtheprejudiceofallidolrapper.Respect.IdkwhyhimandB.Igotalltheinsultsfromtheotherrappers.Justbecausethey'reidols.Imeantheyshedbloodandtearstogoupthere.Theyworkreallyhard.
797,김민영,레전드다시보러왔다
798,yaknow,Korea'seminem
799,바나도,3:42빌스택스:좃댔다
800,youduck,"ifbobbydissedme,iwontevenbeoffended,illjustthankhimfornoticingmeliketfhe'ssotalentedandoneofakind.ireallylikehim."
801,Apinkl,"Hecompetedwihvascointhisround,a19y/otraineevs14yearsexperiencerapper,it'skindascary,youcanseethefearinhiseyesat0:18buthesaidthis""Idon'tneedtowin,Ijustneedtodestroyeverything""andthenhegavehisallandwon.Hereallyturnthisfearintohisstrength."
802,JayJokah,"NoonecandoitlikeBobby,hugerespectforthekid"
803,IncleW,"""I'mbobbybtwifudidn'tknow,nowuknow""-bobby🙌🏻"
804,اشتياقحازممحمدنادر,"InmyopinionBobbywillbethe""thebestrapper""inKoreawhenikondebut❤reallyguyshe'sawesome👏hedeservetobeoneofthebestrapperintheworld😘fightingBobby❤﻿"
805,ChieArb,I'veseenthisperformanceincountlesstimesalreadyandstillneverfailstoamazeme..thisishisbestperformanceinthisshow..whowouldhavethoughtthathewillbeatVascointhis..atotalcompletepackage..
806,Tara,"DOPEAF,DAMNWHATAPOWERFULSTAGEPRESENCE!!DATCROWDWASTURNTTTHEFKUP👏bobbytotallykilledthatstageandhisrapomfg😍😍youcanseehowintenseandpassionateheisasaperformer,heissonaturalandoozesconfidence,itissuchajoytowatchhimonstage"
807,조혁준,0:38mc그리
808,봉봉,나를힙찔이로만든영상
809,김재연,0:39동현아....?안녕....?
810,사랑해샤이니,태풍이름이바비래서보러옴ㅋ
811,비글미,와관중들진짜재밌어보인다와
812,슬픈개구리,현조회수:2222현조회수:2222
813,문씨잼,이거음원ㅈㄴ밋밋함ㅜ
814,노래듣는심슨,웅장이가슴해지네
815,Teemo,바스코표정똥싶은표정ㅋㅋㅋㅋ
816,depps80,youwinbobby!2020I’mstillwaitingforyourap!missyou
817,탱이,쇼미상역대급조회수네..;;지금이랑차원이틀리다
818,찬이,1:38화사씨거기서뭐하세요
819,ILoveMinions,Bobbyisbeast😭
820,LilyA,"Thecrowd,theband.Everythingaboutthisiswild.Ohandbobby"
821,레몬나르고빚갚으리오.,한국힙합이때로돌아갔으면
822,레고몬#legomon,1:38화사누나왜거깄어?
823,박민성,시험끝나서다시보러온사람눌러라..
824,도더지,캬..
825,sanidel,0:38설마김구라아들?
826,문혜준,"아니레드썬이나데이데이,포에버좋은데이런그냥미친개난장판노래쇼미9에선해줬으면좋겠다"
827,정대한,킹기훈보고옴
828,DarkDarkCocoa,고등래퍼나갈나이였다..말이되냐
829,흐후야,"간지끝판왕,,"
830,0525chaewon,바비는레전드
831,준이,0:37이분김구라님아들아님??
832,초겐,2020년중에본나를울게한영상Remind2020그리고이영상...쇼미9킹싸이퍼보고왔는데개멋있네진짜
833,AnnaKim,"이래서2014마마지디랩초반에상은""밥이나줘요""를바비나줘요로해석할수있었던거구나"
834,SethKang,sobobby2014.mino2015.goddamnH@H@H@H@H@
835,국밥을사랑하는준휘군,3:45군침이싹도노
836,하나통신한나윤,지금봐도관중들같이환호하는거개소름돋는다
837,JuliangJack줄리앙잭,얼씨구~~얼씨구~~~👍빰빰빰~~goodgood얼씨구얼씨구~~~~good👍^ㅇ^good👍^ㅇ^Nicegood^^👍
838,미유유,스무살때라는게믿겨지지않아
839,nokE,실력도실력이지만비트존나사기다ㄹㅇ
840,진짜울리고싶다,1일1바비하는중
841,만보,비아이지코민호피오빼고다비켜~
842,메론토시,3분30초조졋다와.....
843,뮨쩡,1:38그레이스
844,뿌꼰,0:39맨앞줄MC그리아님?
845,EphraimPraisonLalu,헬창들도사과티비보면근육다빠진다며ㅋㅋㅋㅋㅋㅋㅋㅋㅋ사실임?
846,ᄋᄋ,사실상얘떄문에쇼미보기시작한거같다상말때이무대보고존나충격이었지이런놈이연습생이라고?
847,하나통신한나윤,진짜맨날보는데맨날봐도소름돋아
848,피타매쓰,이런바비를왜놀리는거지ㅜㅜ제발무대좀..
849,형석고,솔직히이때초딩들이거보고힙합을시작했지..
850,인정을해안해,0:38~0:40MC그리
851,ᄋᄋ,바비라는이름이원래쌘건가..
852,이쏠,이거뒷부분볼때마다소름돋음;
853,동재김,와진짜..버튼안누를수가없겠는데?
854,백원빈,쇼미8탑10조회수다합쳐도이거랑비슷한정도ㅌㅋㅋ
855,남정호,출석체크합니다20208/14출석
856,이썽령,아쉽다.요즘이런무대를볼수없다는게ㅠㅠ
857,김내경,1:39그레이지그레이스
858,리쑤기,랩절었긴한데그걸잊게할정도로좆간지였음.평소랩존나싫어하고듣지도않았는데왜랩하는사람보고간지간지하는지첨알게댐
859,김깻잎이,미친;에미넴인줄
860,zionlady,"AndIcamebacktowatchthisstage.Youngboybutwithacommandingstagepresence...likedthat0:27""Youknowthissong?""Andshout""singalong!"".Theoneperformerwholovedcarryingtheaudiencealonginhisperformances.Itwasn'tjusthimalone..he'shappywhentheyenjoyit.SomethingInoticedinBobbyishisabilitytomoveexactlywiththebeat.Whenheraps,heisexactlyONTHEBEAT..It'slikeheandthebeatareone.IthinkthiswaswhyJYPcommentedintheirtraineedaysthathewastheonlyperformerwhorappedandmovedwiththebeat.Ilikethe'trap'part...butthatguitarperformance(sortofa'revenge'tohisopponentforperformingthatmusicstyleearlier)wasawesome..Iwonderhowtheroofdidnotcavein.Lol.Thedinwasdeafening.EvenBewhy'scrowdcheeringin'forever'didnotbeatthisone."
861,콩테이,진짜카메라감독님이한국레전드힙합장면찍었다
862,naufalshakirin,ireallylikeBobbystatementaboutBIZicoMinoandPO(canseeMinoinfluenceinbringingtheconnectionbetweenygandblockb!!!)hopetoseethemonthesamestageoneday.YGXBlockB.
863,이민기,3:18디제이웨건맞음?
864,없찌,이런게힙..합이랄까..?
865,김지원,1일1바비레츠고
866,NOCOPYRIGHTSOUND,ㅋㅋㅋㅋㅋㅋ사과티비못봐서잼민이발정났누
867,Lara,Andpeoplehavethecouragetosayhe'snotthebestidolrapper...
868,안도규,ㄹㅇ쇼미역사상원탑무대비트바뀔때소름쫙돋음
869,JeonJustinSeagull,IdontknowwhybuteverytymIwatchthisamazingsongmyvolumeisalwaysfull!
870,superb,밴드가오졌다
871,기ͦ혁,진짜잘생긴건어닌데개간지난다
872,김nuni,고등래퍼나이에..개쥬앙
873,신제민,마스크없이놀고싶어진다ㅜ
874,김성경,노래자체가좋다비트가후반부간지끝판왕이네영상으로만봐도에너지땜에손끝이저릿저릿저건바비의능력이다
875,류하린,성지순례왔습니다.태풍피해없게해주세요.
876,LorenzDagala,사과티비보면두루마리휴지1개금방이라고하던데ㅋㅋㅋㅋㅋㅋㅋㅋ
877,ad𝐚𝐡𝐨𝐥𝐞,0:38mc그리
878,바밤바,지금보니까좀감동이네
879,이렇게해도나는,3:21트랙바뀌면서진짜기타소리오줌지린다ㅎㅏ
880,JJ,0:35김동현
881,장하늘,이건진짜4년이지난지금봐도간지는ㅈ간지다
882,아펠리오스,에미넴이랑붙었어도이겼다
883,BANG,지금봐도소름돋는다ㄹㅇ
884,MartinKang,시즌전체통틀어서이것만기억에남는다
885,호성,ㄹㅈㄷㅇㅈ?
886,이정민,대한민국힙합역대최고무대+힙합충양성최대기여반박시힙알못
887,_쿠쿠,조회수ㄷㄷ
888,김보경,ㅋㅋ저나이때난뭐했냐ㄹㅇㅋㅋ
889,jayJoo,0:38mc그리
890,송학,0:38Mc그리..?형여기서머해..?
891,샤크투킬,바비야머하니?너의새로운랩을듣고싶어.가끔너무시원하게소리지르고싶을때이영상을보고있으면미칠듯무언가벅차올라.고맙다바비야
892,라면팔아서구독자100명가즈아,2:45내가올려고볼려했다좋아요누르면문자오니까누리지마
893,vagabondo2000,80년대백댄서무용수들의충격적인노출영상https://www.youtube.com/watch?v=JknwVqMhmhE에서47:17시간대영상
894,앙기모,00:38MC그리
895,꺄르륵,ㄹㅇ실눈캐그자체
896,XXX,바비가신선한이유는아이돌랩퍼통틀어서그당시일리네어스타일을저렇게완벽히자기것으로만든다는것은딜리버리를떠나서신선했음바스코나씨잼이떨어진건아쉬웠지만바비는충분히우승할만한신선함이였음저게힙갤도아니고경연인데바비가딜리버리떨어진다고우승어케했냐하는건바보짓이지
897,aprl.ca,Imbackhahah
898,김혜인,쌉지린다
899,최승혁,00:37초에동현이잇다
900,Nini,Thisperformancemademeafan...Nowi'madiehardbobbyfanlmaoimisshim!!!
901,다옴팬,Fire!!
902,ClaireK,YouknowBobbyissopreciousnotonlybecauseofhisrapbutalsohispersonality
903,고개다,3:23카메라뭐냐
904,이재용,쇼미9지원자들보고한숨나서보러왔다
905,CHAESEONGLIM,쇼미더머니에서언제부터쇼마이베이비됐냐
906,레모나레모나,솔찍히이무대다음으로나플라물어좋아함
907,삼만리,저거볼때마다소름돋음ㄷ.....쩐다
908,ᄋᄋ,시발자꾸보물섬이현석이불렀던거생각나서존나웃김ㅠㅠ
909,커피는top,영상이잘안보여서볼륨을높혔습니다
910,마젠타이승호,개멋있어
911,난닥훈NanDacHun,암암어오리지언감독누군지모르지만가사만뱉어~
912,불우이웃,3:24
913,죠미,이노래알어?따라불러!이것도솔직히가사로넣어야됨
914,hyeon,0:39mc그리뒤에근자감있네
915,조준영,0:39MC그리왜거깄누
916,NATASYAPUTRI,Ilovehim
917,킹덤헨도,1:38그레이스?
918,iKO.NE1,Bobbyisworththewatch.
919,김민우,아니ㅁㅊ아직듣는사람이있나??
920,이푸우,3:27이구도가진짜영화ㅋㅋㅋㅋ앞부분천천히반주없이랩뱉을때.지겹도록가난했던우리집.이제밥바이지하면서어릴적힘들었던듯이암시하고저화려한..열광하는관객들에둘러쌓인모습이뙇하고나와주니까진짜ㅋㅋㅋ인간승리느낌나고가슴벅참;
921,AljawharaAlshareef,thisperformanceplaced#3asthemostwatchedvidinmnetchannel.PROUD
922,BB,"WOW""12Millionissocool👏🏻👏🏻👏🏻👏🏻Bobbykingoftheyouth💯🖖🏻🖖🏻🖖🏻"
923,MANDU,NocontenderheisthebestIdolrapperoutthere
924,입시전문교대언니,나태해질때마이영상보면자극됨
925,ralica15,쇼미9빌스탁스나온다고해서바스코보다가여기오신분들손근데빌스택스마역혐의땜에안나온다네암넷놈들
926,ark민,아직도보시는분?
927,CdaAb,전율
928,강해훈,역대급.
929,SBR카론,0:42나만은지원닮았냐
930,흑진주권유리,바스코첨엔ㅈㄴ여유로웠는데후반가니까표정개썩음
931,IsabelaJucá,"#HOLUPBOBBYisHEREBOOOOOBBYISCOMINGTOTOOOOWN,BOOOOOOBBYYYYISCOMINGTOTOOOOWN!"
932,ChiSooChoi,랩자체는잘하는것같지않은대?퍼포먼스때문에우승한건가요
933,여러운동,된사람이자난래퍼김지원과바비.
934,박호연,고1때보던5?6년전인데도어색한게많이없다.3~4보면그래도지금시점에서보면어색하거나아쉬운부분있었는데지린다진짜
935,상민SM,2020년상반기있나혹시?
936,??,넌성공해야한다....제발마약하지말고제발건강하게살아라...니가아이돌이랑힙합계의희망이다....B.I(비아이)빙의하지말고제발착하게살았음좋겠다....
937,김지환,저손에영혼이들어있다ㄷㄷ
938,SJL2,태풍바비보고생각나서왔다...
939,RestuSiahaan,Proudofyoudude!!!Iloveyousobad💝
940,이도훈,0:39mc그리
941,브랜,쇼미전성기
942,진양고니,태풍바비때문에왔습니다
943,yuyuyuys,쇼미새시즌한다길래보러옴.....
944,Kun,바비는좀간지다특히목소리
945,절름발이왕,그는태풍이되어버렸다.
946,구독하면행운을드리는네잎클로버,0:38동현군?
947,토토교수이수근,오늘바비인형사서생각나서옴
948,HealingMusic,태풍바비너와나연결고리!!
949,ᄏ로구독자모으기공백으로구독자안모으고,바비야.태풍한번왔으니까솔로랩제목태풍으로하자
950,AGO,심사위원넋나감
951,마린,이거청원해도됨?나yg바비라는사람을비유해주자면자신이존나노래에재능이똘아이급인걸아는데부모님이넌공부해야해하고그냥방에만가둬놓는거랑무슨차이가있냐지금바비야제발나와...넌난놈이잖아..
952,prod.재민,3:46밀키스뭐임?
953,아이언갤러리,이거랑독기랑했으면어떻게됐을지궁금하네
954,짱갈,설마지금보는사람없겠지?
955,paulro,0:39?mc그리아님?
956,응애,드럼소리를들으면가슴이웅장해진다
957,길성민,0:38mc그리?
958,내주접은막을수없다,ㅂㅇㅇ가사고만안쳣음컴백했겠지는개뿔년에한번...혐석이가애들노래스타일에다관여하고...아이콘벌떼같은노래내면홍보좀해주지진짜;;;;그와중에미노피오지코빼고비켜너무귀여움애기들우정
959,느구,차메인이번에본선가서바비피처링했음좋겠다
960,suminlee,아직도보러온다곡의파급력이워낙커서이젠그당시의추억으로까지남음이때부터쇼미가확떴지
961,UswatunHasanahKadenun,Nohate...ComebackwatchthisvideoafterwatchingoneofEXOmemberrapppinginUnprettyrapstar...NeedBobbysomuchtowashmyear...
962,루류류류,쇼미역사상이게진짜1등이다
963,YANA,"isthisthemanbeingcomparedtoRM?idontwanttooffendarmiesbuthell,nocomparisonneeded."
964,John,수많은쇼미충을낳아버린그노래..
965,babycakes70ify,"IknowthateveryonekeepssayingthatBobbydidthesamethingasVascoperformwithabandbut...thereisacleardifference,Bobbywasstraightuprappingthewholetime,andthebandwasjustprovidingthebeatitwasacompletedifferencefromVasco'sperformanceandIhavetosayanotherthing...Bobbyisfuckingamazing!Areyoukiddingme,sincedayIthisguyhaskilledit!Totallyhypedforhimtodebutevenifheisorisn'tinTeamB"
966,"elena,","무대장악력대단하다저때20살인가19살인가그랬던걸로아는데어린나이에진짜,,,"
967,이이이,가짜사나이보다가여기까지왔다
968,영플랙서,0:39에mc그리아님?
969,Juny,이건카메라도한몫했네.
970,hayabyut,Ithinkitsthebestoutofallnotjustsemifinalsperformancesinsmtm..Herocks😷
971,최씨,와이지가대기업이라면힙합레이블은중소기업인데아이콘놔두고aomg나일리네어를왜가겠냐
972,thk,저때바비가다른랩퍼에비하면약체쪽에속했는데본무대에서하나하나씩올라가면서주가상승함.
973,승주,쇼미9하는데바비가심사위원했으면좋겠다
974,김하하,2020손
975,HENDERYAYA-CH,Icamebackhereagain.Bobbyyouslayedout!Youarethebestrapper!
976,인정,권상우소라비니스웩ㄷㄷ
977,김민수,0:39Mc그리가왜있노?
978,현정민,ㄷㄷ
979,최진혁,1:38초그레이스?
980,seongwookChoo,3:21
981,김금순,힙합넘쪼아~
982,가아아,실전만큼은따라올래퍼몇없을듯제스처랑목소리도간지가넘쳐흐름
983,밥이,주기적으로봐줘야하는무대
984,DB의혼코노,볼때마다개소름
985,우종민,모기송듣고답답해서옴
986,kimbab,bobbyking
987,ᄋᄋ,1:183:18
988,AAA,3:21
989,QwerWnnc,3:21
990,주일,카메라무빙구도개지리네;
991,김가,미쳤나봐
992,료니,레전드아닌교
993,문재인도몰래보는로망의게임세상,바비:연결고리VS마이삭:허리케인
994,병훈,처음에바비보고잘못읽어서보삐인줄
995,PaulWellerV,잘한다😄😄👍👍👍
996,코민이,3:083:083:083:083:083:083:083:08계속눌러봐3:083:083:083:08
997,우승,이건진짜밴드가80은차지했다ㄹㅇ분위기가아예뒤집히네
998,토르,3:24
999,재현-주제재현-주제,쇼미더머니9나래퍼슈퍼바이에싹파이브싹투아이스블러드펀치라인보이드래곤나1위우승자나쇼미더머니9나한다가다쇼미더머니9한다
1000,SYO,3:18이거보러온사람↓
1001,오5,3:24ㅋㅋ진짜좋은의미로ㅁㅊ놈같다남자가봐도개멋있다
1002,시케,3:18부터비트ㄹㅇ간지남오토바이부아앙소리뭐임
1003,MichaelYun,진짜별생각없었는데뭔가진짜에미넴생각난다.흑인중심문화의백인래퍼-언더씬에서활동하던래퍼들사이에서절대인정받지못하는아이돌래퍼.가사에서알수있듯이불우한가정..그리고결국쇼미우승..
1004,이하,박재범처럼회사나와서어디레이블들어가면안되냐...아이콘에있긴너무아까운실력
1005,chocolatesweets,Peoplekeeprevisitingthisy'all....hereallyneedstocomeback
1006,채호철,논란이고실력이고나발이고이무대장악력..관객들과하나되는거..볼때마다개소름....
1007,야스야스,쇼미더머니8시즌동안나한테는이무대가쇼미레전드무대다지금봐도소름돋음..
1008,YOLOLONG,걍yg나와서힙합레이블드가서하면안될까.....
1009,makzang80,JYP를나온산이처럼결단을내려야할시기다
1010,TheShy,진짜이때가제일재밌었는데지금은몰아주기만너무해서ㅈ노잼임
1011,퍼거슨알렉스,그냥멋있다ㅋㅋㅋ솔직히뭔말인진잘모르겠는데그냥멋있음ㅋㅋㅋ무대가뭐멋있으면되는거아니겠어
1012,꼬부기,진짜바비는간지인간화다
1013,vaticancameos,마자내가바비보고힙합좋아했었구나..지금은거들떠도안봄
1014,식큼,아이돌이왜냐오냐하는데바비우승자죠?ㅋㅋㅋ
1015,아앙싫어요였어??,간지는진짜국힙원탑
1016,Ilisio_,이무대는쇼미더머니새로운시리즈가망하면망할수록재평가될거다.싱잉에만국한되서랩같지도않은랩뱉다가망했던저번쇼미래퍼들이랑갓스물된아이돌연습생이었던바비랑클래스차이가느껴질정도면ㄹㅇ심각한수준아니냐
1017,지돌이,형패북에형이슈가보다못한다해서왔는데무슨똥꼬혓바닥에닷는소리였네
1018,민주이,3:22여기겁나멋있다;;
1019,ᄋᄋ,이거아직도보는사람~
1020,정성진,저희학교과학선생님이블록체인설명하면서보여주셨습니다.
1021,박예찬,이때부터였지내가힙찔이가됐던건...
1022,sandra_,BOBBYISSOPOWERFUL
1023,cia,hewas18....crazy
1024,조나단,쇼미3무대장악력쇼미4트렌드쇼미5신앙쇼미6가족오락관쇼미7메킷레인쇼미8에잇18
1025,·-·,진짜언제봐도진짜너무잘해서소름돋고다시보니까옛기억도나고바비덕분에쇼미알게됐는데진짜바비는한마디로최고임진짜내탑원래퍼임진짜앞으로도응원할게요!!
1026,김민우,진짜무대를뒤집어놓으셨다
1027,넘좋다,이영상조회수가레드썬의3배보다많넼ㅋㅋㅋㅋ물론2년차이가있어도2년뒤에봐도그대로일듯....
1028,맘대로,쇼미더머니9시작되면이렇게전율이넘치는무대를다시볼수있을까?진짜이무대는봐도봐도소름끼치게멋있네...
1029,귀스탈,이건진짜카메라무빙이...지린다
1030,ᄀᄂᄅ,"""legeno"""
1031,gabyromo,"IneedthisBobbyplease!2020ysigoamandosuactuaciónigualquesiempre,tremendopotencialquetienesenelolvidoYG,noesjusto!"
1032,김성겸,"바비가단점(발성,호흡)이명확하긴한데무대만올라가면휘어잡는야수성은국힙에서도거의못찾아봄..스윙스가JM데리고와서스킬만늘렸으면진짜힙합쪽으로도잘컸을것같은데.."
1033,뚀이잉,아직도꾸준히보러온다제발바비힙합솔로곡내주세요
1034,닌자탈모,2:38???:화려한조명이나를감싸네
1035,우물밖개구리,바비에미넴부럽지않던시절^^
1036,김훈,아직도이거보면소름이돋네
1037,manuefige,Bobbyjusthasthisauraonstagewhichmakeseverythinghedoesincredible...Truelystunning...
1038,MintyJere,thisBobbyvideoisgettingsuperhypedlately&lotsofknetzaremissinghimivbeentranslatingtheircommentslikecrazyhahahahaGOBOBBY!GOYGFAM!superexcitedforYG2020
1039,쌈쌈쌈,Yg랑아이콘나오고다시그냥쇼미한번더나와서인지도얻고솔로하면좋은데
1040,김지훈,역대급이다!!!!!!!!!!
1041,CHLee24,힙합걸즈바비보다가바로담에이거봐야지했는데바로연관동영상에뜨다니유투브역시일잘해....👏
1042,almightykid:GaNuĐab2que,현재포지션이가장아까운래퍼top1
1043,RevaNatasya,Inkpopgen3noonecanbeatBobbyrapper
1044,히든싱호,페북에서지코랑바비랑송민호랑슈가랑알엠이랑비비는데저세명이슈가랑알엠한테묻혀서뭔일이야하다가바비랩궁금해서왔는데왜묻힌거지솔직히아이돌랩퍼는지코바비송민호미만잡인데??
1045,LiaViloria,Ikeeponcomingbacktowatchthisvideo.Solit🔥
1046,Damnit,바비가YG소속이아니였더라면지금쯤앰비션...??
1047,정하민,2020년에쇼미9하면바비한번나왔으면좋겠다ㅋㅋㅋ
1048,허지윤,아직까지이영상보시는분?있나요?
1049,유희창,바비는무대위거인이라는말이아깝지않을래퍼인듯...단신으로관중들까지휘어잡는게쉽지도않고바비저당시에나이도어렸었는데
1050,NotoriousMMA,"가사를봐도들리지않는발음.하지만저때바비의나이를고려했을때엄청난퍼포먼스와자신감,완벽한무대임에는틀림없다."
1051,구독해주면프사니미래여친,시즌3공연무대들을보고쇼미라는프로를알게되고꾸준히봐왔는데어느순간내가전시즌에봤던힙합들은최근시즌에서볼수가없더라..
1052,뭉뭉이,쇼머니전시즌최고의무대.
1053,정희선,왜아이돌합니까...재능아이돌하면서썩히는듯
1054,알리르,쇼미더머니역사상최고의무대
1055,stockandstones,와카메라십ㅋㅋㅋㅋ레전드였네
1056,bb,밑밑에분나랑반대네난바비무대라이브바이브좋아해서오히려음원보다라이브영상보는데무대조회수만봐도찾는사람이많다는증거아닌가그리고발음까지완벽하게잡으면물론좋겠지만무대공간활용이렇게잘하면서붐업시키는데발음또박또박까지바라는건좀...
1057,WinyKeintjem,2020andstilltheonlyidolwhowinSMTMBobbyyou'relitaf🔥👏🏻❤
1058,JohnA,2014:노래못하는아이돌이랩한다는선입견2019:랩못하는래퍼가싱잉랩함
1059,JoreGalindez,"Andthat,ladiesandgentlemen,ishowyourap,performandvibe."
1060,치즈버거먹고싶다,3:23레게노부두교사제와광신도마냥쇼미에서가장광적인장면
1061,AME,Suchawasteofopportunityandmomentum.Heshouldhavebeengivenasolo.😢
1062,KimBi,WHO'SWATCHINGTHISMARCH?CANTWAIRFORHIMTORELEASEASONGLIKETHIS.
1063,AndeeK,Myeyeswateredalittlewhenhestartedrappingabouthismom
1064,Kokokoez,Whenheperforms....automaticallytheaudiencenhimbecomes1....totallyslayed....
1065,dingdeyyy,gonnacrazyaboutthisman
1066,오르자,2020.6.8일출석체크해라
1067,조뭰,힙합은누군가의소유물이아니다창작물이고자격따윈없는것이지그런자격을꼰대마냥기준을가지고아이돌은그기준에항상벗어난다는이상한사상을가진수많은인간들의뒷빡통을ㅈㄴ후린무대
1068,carlosmj,Hisliterallyspittingfire🔥🔥🔥
1069,스태프라온,⭐️2020년에도보러온사람?⭐️
1070,AriannMaeVicente,"I'mbackhereafterhedidavlive,whatalegendaryperformancethisis."
1071,EffyJarrett,@3.23alwaysgivesmethegoosebumps!!!ThemomenteveryonebangedtheirheadswithBOBBYandthecameramovementgotitperfectly!!!ThisismymostfavoriteofallhisSMTMstages!!!
1072,camirruu•,BOBBYWILLFINALLYHAVEHISSOLOYA'LLNOTEVENRELEASINGHISSONGBUTIMALREADYSHOOK
1073,shlmymdjn,HereagainWhenimissdoubleBLovethis.....3:23imbackonthemicrophone!
1074,김민성,미친연습생과미친프로듀서가만나면생기는일ㅗㅜㅑ미쳤네
1075,FelizaCustado,Stillthebestamongtherest!!!🖤🖤
1076,fi,uwuuubobby-aaa<333
1077,__,막말로지금은퇴해도쇼미때만으로도국힙역사에서항상언급될듯
1078,MichikoMalandro,Ilovehowhealwaysjustlikeprepsthecrowdabitandthenlike..pullshisearpieceout..andturnsintothisrapgod..Damn..
1079,alscksrla,중딩때많이들었는데학교에서춤췄던거기억난다..
1080,나쵸치즈팝콘,간지가미쳤다
1081,amalhussein,4MILLIONthepowerofBOBBYeventhoughhedidn'tofficallydebuetedyet.
1082,딸기도라지무침,그냥존나멋있다진짜
1083,뀨피그,이게힙합이지~
1084,YGFamilyShipper,hisstagepresenceisnojoke......
1085,바세린한숟갈,가슴이웅장해진다...
1086,KIDEL키델,2020.6월출석체크하고가라
1087,ReikaShin,Whathappenedtho?Whythere'salotofKoreancommentsnow?
1088,AmalHussien,Legendperiod.🙌🏽🙌🏽
1089,콕충에,카메라감독이무슨영화를찍네ㄷㄷㄷ
1090,진동언,2020.6.23출첵하고갑니다
1091,딥빡,리얼쇼미역대급무대탑4중에유일하게마약안한바비
1092,뿌꾸,미친듯이좋아했는데다시보러옴..생각나서지금봐도3:24카메라구도밴드세션텐션미쳤음
1093,플라밍고,저거바비벌스바비처럼ㅈㄴ날뛰면서부르면호흡관리오지게안되던데나만이러냐
1094,마코,2020년에봐도개멋있누..
1095,강찬영,와지금봐도존나멋있네진짜ㅋㅋㅋㅋㅋㅋㅋㅋㅋ
1096,youngerpirates,3:24조옹나힙합ㅋㅋ
1097,빈지노인생하위버전,지금봐도딜리버리는별론데바비는무대장악력이랑간지는국힙탑급임개인적으로와이지보다엠비션이나일리네어가는게ㅈㄴ잘어울린다고생각함
1098,BLANCANOLE,😍bobby😶😍😊😊😊😊
1099,최경준,소름쫙
1100,KayeZone,LEGEND
1101,이서영,이때가레전드였다.힙합에관심도없던날쇼미로이끌어준장본인
1102,DaffaMaulanarasyid,랩코리아코리아바비입니다
1103,ᄋᄅ,나만맨날보러오냐중독성오짐ㄹㅇ
1104,CyrilleAnnLeduna,Myfavoritebeastonthemicrophone
1105,LiberoGeon,0:38donghyunKim과의연결고리
1106,jiunYi,(대충레전드공연이라는댓글)
1107,새참,진짜ㅋㅋㅋ미친놈이야ㅋㅋ
1108,uytrewq,"3:24it'slikeamoviescene,thisisseriouslythebeststageperformanceI'veeverseen.Ilikethelyricstoo,hereallystartedfromthebottom,hisloveforhismomandheprovedthathecanmakeitonhisown,didn'tneedhelpfromhiscompany.that'swhyIloveandrespecthimsomuch."
1109,Arezo,3:23쇼미명장면임카메라존나잘찍음
1110,CarolynnPaley,Who’shereafterwatchingHiphopgalz?🤟🏼🤙🏼
1111,TayenZhang,"He’soneofakind,hiphopBobbyarealwaysonfire🔥"
1112,GarretYoungBYtheway,아직도보는사람있나요
1113,안녕하세요,그냥멋있다2020인데생각나는게바스코187이랑바비연결고리가생각이나네
1114,영서윤,3:19이거랑바스코187에점프하는장면보고다른쇼미무대보면아무것도간지가안남
1115,mangastaries,"UGHHHIREALLYMISSSMTM3!!smtm4issuchadisappointment,iwasexpectingsomuchofminob/cofbobby'slegend,butidkhisenergyisjustdifferent,he'smorechilledandlaybackandifeellikethezico/paloaltoteamdidn'tgivehimjusticeandlethimdosomeCRAZYTURNTUPstageslikeBobbydidwithILLIONAIRE...ihopesmtmcanreturntohiphop+morehypedupstages+songslikethisoneBOBBYBESLAYINERRDAY<3CANTWAITFORIKONTODEBUTANDPROPSTOILLIONAIREFORMAKINGSUCHANAWESOMETRACKFORHIMMM<3"
1116,김혜경,너가신이다•••
1117,김우진,조회수쉴새없이올라간다.현재2150만
1118,DomiS,RESPECT
1119,장정현,헤이디제이킥댓싯레츠고!!!!
1120,WestReal,무대장악력하나는진짜국힙탑
1121,기기,진짜볼때마다린다g
1122,ᄋᄋ,틱톡무대보고생각나서다시옴
1123,a-yo-ayo,나이거첨보는데미친듯..
1124,ᄋᄋ,출첵하려고옴ㅎㅎ
1125,KilljoyAttackxox,Themansourofhiphop
1126,축구가제일좋음,너무멋있어서다시보러옴
1127,아직삐삐쓴다,후렉시보다왔습니다.귀정화중
1128,Morokei,3:238Mile
1129,김태현,라이브버젼음원을원하는수준의라이브
1130,Judy,There'snoonelikeBobby.Period!
1131,makzang80,에미넴8마일느낌
1132,sossos,레전드다이건••
1133,하유리,ㅋㅋㅋㅋㅋ고등래퍼나갈나이에쇼미우승해버리누
1134,국띠또,산이인트로무대로쇼미8우승하겠노
1135,aaA,ㄹㅈㄷ
1136,김형린,섬마아직도볼까
1137,ChansophaKhun,"WithoutBobby,thisshowwontbeinterestingtowatchsincethere'salwaysbeafightbetweenundergroundrappersandidolsrappers.Thesuccessofhisefforts,toprovethathe'snotanIDOLrapper,he'sapartoftheREALrapper,hecanrapandreleaseahip-hopalbum.I'mlookingforhiminthefuture.Well-doneBobby. "
1138,정다원,진짜볼때마다존나멋지다........
1139,NalaD,thisboygothiphoprunningthroughhisveins..killedit!
1140,justenjoy:9,0:39김구라아들동현이아니냐
1141,전재민,이때빌스택스왤케몸이깨끗하냐
1142,김알통,전설의카메라구도
1143,신민경,이때우리중학교남자애들전부바비에열광했음
1144,좋고파이Jokepie,2020년에도듣고있는분손!
1145,ᄋᄋ,출첵이요
1146,최훈이,아그러네..피쳐링이없네;;
1147,까까,바스코표종ㅋㅋㅋㅋ
1148,D.HK,힙합걸즈보고옴랩할때목소리가바뀐거같아....
1149,변재환,동현이도와있네ㅋㅋ
1150,drizzyking,ihadtoComebackherebecauseofshowmethemoney4performances
1151,서현,존나잘생겼네
1152,/,3:17
1153,오까,이거안본뇌사고싶다...
1154,김정민,0:54초mc그리
1155,SẽXùNguyễn,"WhosaidthatSMT3Bobbyisn'tthelegendwhenthattimeSMT3end,alloftheshowinvitedBobbyandDok2toperformonmanystages.EveninMAMA2014BobbyperformwithMastaWuandDok2,thenmostofthejudgesinSMT3wonsomeawardsaboutRap/Hiphopalso.IcansaidthatSMTM3isthebiggestsuccessfultimeforallthejudgesandSMTMtoo.ButIcan'tdenythatafterSMTM3theprogramismorepopularandhasmoretalentrappers."
1156,FangirlMode,3words.-BOBBYISAWESOME.
1157,tellmemorevn,the18yearoldlegendofSMTM'shistory
1158,RumZ,@3:21😳
1159,나는누구여긴어디,뭐랄까확실히딜리버리가약하기는한데...감정전달을가사를통해하는게아니라온몸으로하는느낌??!!!ㅋㅋㅋㅋㅋ존나그냥뭔말하는지는모르겠지만존나멋있고개신남
1160,sep,바비지금은가사전달력정말정말정말많이좋아졌더라
1161,3223김민성,"한국을힙찔이공화국으로만든임무기여도가가장큰것연결고리,쇼미ㅋㅋㄹㄹㅋㅋㄹㅋ"
1162,웅2,쇼미전시즌통틀어역대급관객호응도였음랩이고뭐고그냥오졌음
1163,AlexandraC.,"IhadtogobackheretoremindmyselfofthatBobbydidthis,cuzafterseeingBobheeoniKONTV,Ikindaforgot.LOL"
1164,J,alwaysenduphavingabobbymarathonwhenevericamebacktowatchhim😂
1165,People'sStone,쇼미에서제일아름다웠던무대...
1166,GemDd,KING👑STILL
1167,독고,저때바비20살이였을껀데무대에서저렇게놀수있는건타고난거..
1168,mamicdrop,wecanactuallygetthisto10000000viewsomgdOIT.
1169,김아무개,3분25초~26초는대한민국힙합역사상최고의그림인듯
1170,Dexter'sArchives,3:22That'swhenhewon
1171,모르모르,좇간지
1172,BB,"""WOW""BobbythebestKoreanrapper👍🔥🖖ThisperformanceBobbyjust19yearonlyandisjusttraineeygbutBobbywasperformanceisthebest&cool"
1173,허송현,이건다시들으니깐힙합속사포부분랩할때발음진짜애매하다
1174,뀨mamam,저때바비나이고작20살.....개소름
1175,건우백,이건누가뭐래도레전드다
1176,하정우,이때스윙스애기돈까스였넹..피부봐..ㄷㄷ
1177,JazmyneSapp,likedudehejustownsthestage
1178,김현민,0:38mc그리?
1179,lephungvietha,"don'tneedanycollaboration,justheisenoughtostimulatethestage.=))hisenergyisthebest."
1180,RizqiAlifahasni,comebackhereaftervixx'sfansaskravitodissbobbyatgayodaejun.tryagainbabe.heiskingoftheyouth😂
1181,최칼,멋있다.
1182,"레이저,반사,루삥빵삥뽕",0:39김동현
1183,ShhTreasure7chill,Andthisisarealrapperrightthere👐
1184,예빈,얘가진짜레전드인게저때나이가고등래퍼나올나이라는거지ㅋㅋ
1185,차일드팬시,이건볼때마다소름이돋는다솔직히쇼미3이후는바비무대만한게없엇다고봄
1186,머어쩌라고,똬라불러엇!!!!!!!!
1187,김하람,바비는.효자다학교생활정말깨끗하다심성이매우착하다잘생겼다랩도잘한다노래도뭐하나꿀리는게없다
1188,박찬혁0115,난아직도소름돋아서본다손
1189,KimuraGenjie,infinitechallengebringmehere
1190,ᄉᄒ,스윙스살빼고모든게다2020클래스
1191,유효준,난이무대가쇼미에다시없을최고의무대라고생각함.
1192,Theory_Rini,Themusicbandistoogood
1193,2S,진짜이렇게소름돋고가슴뛰었던무대는바비가처음이었고그이후로본적없음랩잘하는애들은많지만온몸에소름이돋은적은없음.그리고저때원래바스코팬이였어서처음에바스코존나응원하고댓글에도바스코가당연히우승한다ㅇㅈㄹ하고다녔는데점점바비무대보면서위험하다싶었음ㅋㅋㅋㅋㅋ그리고이무대로정점찍고바비한테지려버려ㄸ다
1194,aku?,🔥🔥🔥🔥🔥🔥🔥
1195,돌돌,0:39왜MC그리아무도언급안해주냐ㅋㅋㅋㅋ
1196,malteserseugines,bobbyuramonsterurrightiflooksisequivalenttourtalenturwoonbin...bobbyurreallyawesome!!!waitingpatientlyforurdebut!!!ikonfighting:)
1197,oi1999swch,솔직히바비그냥yg나오면안되냐??너무아까운데
1198,Freiheit,"Wow!NowdisiswhatIcallagreatperformance!It'snotjustfortheshow,itfeelslikeaconcert!Thisiswhatperformingisabout-performingtoacrowdbecauseyouloveit,enjoyitandhavenoworriesaboutanythingandalso,feelingthemusicandmakingtheaudiencefeelthemusicandenjoyingitaswellalongwithyou.Awesome!Woulddefinitelylovetoattendoneofhisconcertsinthefuture:)"
1199,장원용,3:15
1200,이형민,회사빨없이한건ㄹㅇ송민호가아니라바비였지..지금은이미지많이좋아졌지만쇼미4에서회사빨없이하겠다더니태양데려나온거보고개비호감됐었지..
1201,박현호,3:19이때부터진짜바비와디제이기타드럼호른같은게일심동체...
1202,동글동글,바비는톤부터사기야...고등래퍼나갈나이에쇼미우승이라니...무대장악력도미쳤는데아이돌래퍼로만남기엔아쉽다
1203,김민성,그각도..3:23역대쇼미중에잊혀지지않는다
1204,Antif김,아이돌이이런거해선안돼X이런놈이아이돌을해선안돼O한국힙합대중화에존나큰획을그었다19살아이돌연습생이진짜씬내내로라하는거성들하나하나쳐바르며우승함..언젠가힙합영화가하나나온다면바비스토리겠지
1205,유경일,쇼미가대중화가될수있게만든건바비지그누구도부정할수없지팩트쇼미는몰라도바비는안다전성기바로이시절이였지
1206,두리안,개레전드무대아직도보러오는사람있나요?
1207,조만장자,"시발,,,,존나게멋있네"
1208,KoreanIam,바비없었으면난지금랩안듣고살았을꺼같다
1209,MaeMaeAlejado,Someonepostedthisontwittersayingthattheviewisgointto18mbutwhenicheckedit'salreadyat21m.Woah.👏👏👏
1210,86HB,바비가인성도최고던데...시간이없으신분은3:15부터보세요
1211,김영현,2020년5월.지금봐도촌스럽긴커녕역대급무대.특히뒷부분카메라무빙은감탄그자체인듯
1212,팥드랴슈,존버탐김지원날라다닐날언젠가다시온다할수있다탑을찍으라는게아니라걍하고싶은음악맘껏하면서즐기는모습보고싶어아이콘으로서할수있는걸넘어서바비가할수있는거해서행복했으면좋겠다
1213,GookbapSomuri,솔직히이게레전드급까진아니지않냐미안하다이거보여주려고어그로끌었다..바비연결고리랩수준 ㄹㅇ실화냐? 진짜 쇼미3우승자의랩수준이다...아이돌래퍼라며무시만받던바비가맞나?진짜바비는전설이다..진짜옛날에맨날쇼미3봘는데우승자되서바비무시하던참가자들과사람들도바비를인정하는장면보면진짜내가다감격스럽고바비예선부터결승무대까지가슴울리는장면들이뇌리에스치면서가슴이웅장해진다..그리고 세미파이널에서무반주랩부분과미친무대장악력그리고드럼과카메라맨의하드캐리까지완벽에가까운레전드무대만들고바스코한테인정받른부분은쇼미3처음부터본사람이면안울수가없더라..
1214,김고구마맛탕,톤이나제스쳐나그런거보면바비는음원보다무대위에서더강한사람임.
1215,성잔,아직도본다..
1216,내안에하늘과숲과슬기를,이걸로힙합충수백만양성했다
1217,호날두,3:22난여기부터왤케소름이돋냐
1218,로친놈,얘는다른시즌에나왔어도우승후보다..진짜존나멋있네
1219,헿대구불주먹,"아직도보고있어?나도그래,노래너무좋은거..sayhiphop.."
1220,허벌육수충,무슨8마일마냥바비도개오지는데카메라맨도ㅈㄴ잘흔들어재끼네
1221,팬텀게임즈,바스코ㄹㅇ똥씹은표정ㅋㅋㅋㅋㅋㅋㅋㅋㅋㅋㅋㅋㅋㅋㅋㅋ
1222,좌천룡,ㅅㅂㅋㅋㅋㅋㅋㅋ하루에한번씩듣는다
1223,cyd_,"이무대가쇼미전시즌레전드로꼽히는이유0.3:27~비니쓰고리듬타는바비디제이밴드카메라혼연일체1.피쳐링없이4분넘는시간을20살아이돌연습생이조져버림2.일리네어레전드히트곡리믹스면서원곡생각안나게흡수해버림3.힘들었던이야기도하는데하나도안구질구질하고쇼미타이틀에딱맞는돈이나내놓으라는가사가멋과패기로보임4.본인이하면밴드도힙합이라는둥언더씬과비교하며아이돌연습생무시하던락스코보라고준결승에서밴드에관악기까지쓰면서리믹스로조져버림5.딜리버리펀치라인등분명당시,지금유명한래퍼보다부족한면이있지만힙합본연의멋과무대장악력이뭔지제대로보여줌+이후무대보면단점보완해서딜리버리도나아지고해서발전해가던데이런느낌의곡들로활동좀했으면"
1224,WooMinjoo,"바비,,아이콘도좋지만바비개인적으로이런랩활동더많이해줬으면좋겠더,,,"
1225,긋긋긋,나힙합별로안좋아하는데이영상은진짜거짓말안하고수십번돌려봄..진짜레전드
1226,김지우,아이콘팬이지만그냥와이지에서아이돌하기진짜아깝다바비는
1227,X.in,Bobbyisthebesteverytime
1228,김철민,싱잉랩앵앵거리는새끼들이거교과서로내서공부시켜야할듯ㅋㅋㅋ진짜독기랑이거랑볼때마다소름돋네ㅋㅋㅋ
1229,김정우,카메라앵글죽인다...
1230,안준형,바비는솔직히사기캐릭이지
1231,나문재,바스코표정점점국어가는거개웃기넼ㅋ
1232,가랏꼬북,저기에구라아들그리가있네...그리고구라아들그리는바비보고랩퍼의꿈을키움
1233,양치기,바스코표정보면아씨x..졌네하는표정ㅋㅋㅋ
1234,김동혁,내가본쇼미중단연최고의퍼포먼스다.참고로100번넘게봤지만감동은처음과같다
1235,이승주,와저파도봐라..
1236,Qcharlie,처음에바스코가기특하네이런표정으로보다가3분대부터는표정벙찌고긴장하기시작하네
1237,이름없음,음원은아무리들어도이런느낌1도안남...진짜걍무대에타고난미친재능임...
1238,쿠스치,얘가탈YG하고힙합레이블들어가면웬만한래퍼들다강제은퇴당한다.아이돌그룹은바비를담을그릇이못됨.아이콘이바비에게인기와부를가져다주었을지는몰라도결코바비라는래퍼를담아내지는못했다.바비가탈YG할때까지존버한다.
1239,미니,비니뒤집어쓸때씹소름돋네아직까지ㅋㅋㅋㅋ
1240,HWK,지코처럼따로나오자...
1241,스윗포테이토펌킨,쇼미바비영상은잊을만하면떠올라😭지금봐도존멋이냐..
1242,탐나는,아이돌한다는애들중진짜몇안되는찐래퍼
1243,황율,고등래퍼나가야될나이에쇼미나가서우승ㄷㄷ다시보고또봐도ㄹㅇ미뗬다
1244,알벗,그냥이때부터힙합했었어야했는데굳이아이콘을
1245,me,저많은관중속환호와호응을받으며중간에서랩하는아들을본엄마는엄청뿌듯하시겠다
1246,???,아이돌래퍼라는타이틀겨우끌어올렸더니다른애들이개똥을싸버리내
1247,미안해머리가없어서,여기다출첵찍어
1248,one02suki,아이돌하기너무아깝다
1249,GANG빠끄,힙합하나도몰라도너와나의까지하면연결고리나온다ㄹㅇ
1250,이주헌,다시봐도카메라가무대찢음
1251,sppopass,이때가진짜힙합하던시즌그립다
1252,xxxtentacion,아아돌하면떠오르는건입술에루즈바르고귀걸이하고브라자찬게이들이98프로인줄알앗는데그편견을깨줫네그냥순수실력으로내마음을바뀐사람바비좋다
1253,Cisssa131,Bobbydon'tneedair..AirneedBobby..😂😂
1254,순영빛,이거초6때처음으로봤는데진짜힙합이고뭐고아무것도몰랐는데도불구하고바비가ㅈㄴ멋있다는걸느낌...
1255,단순소박,동현이가바비보고힙합시작했구나
1256,김근휘,힙합영화주인공같다
1257,우지호군대가면뭐하고살지,바비존나사랑해진짜
1258,ᄒ웅,이거생방할때친구중에올티팬인자존심만쌘찐따있었는데맨날바비일리네어빨이다이러길래올티는일리네어와도빨못받음ㅋㅋㅋ이러니까입꾹닫
1259,15.IntanDwiLestari,OLDBUTGOLD⚡
1260,classicloverAutum,바비언젠가한번힙합으로나와줬으면
1261,MaizaRafique,Dudegotthewholeaudiencegoingwildandwavelikecrazy
1262,bunnypoo,missbobbyperformthissss😌
1263,derellashin,갠적으로꼽는쇼미탑3무대송민호-겁비와이-forever바비-연결고리힙합게다가쇼미열풍일으킨장본인이바비아닌가싶음양현석이빅뱅이후를대비해서비장의각오로키운YG아이돌이나온게어그로가가장컸다고생각함솔직히저이후로바비랩을들어본적이없어서지금은어떤지모르겠는데암튼저당시엔발음이알아듣기힘든스타일이고자기호흡이어느수준인지인지를못하고막내뱉는수준이라존나풋내기같은데무대위에서쇼맨쉽이역대쇼미통틀어압도적1등임송민호도쇼맨쉽개쩌는데역시아이돌들이쇼맨쉽은진짜좋음말그대로무대위에서연기하는것만큼은다른언더출신래퍼들이전문적인트레이닝을받은애들못따라오는듯.그것도무대위에서군무거의안추고프리스타일쇼맨쉽중요시하는약국아이돌들이니
1264,JazmineRodriguez,Idkwhathe’ssayingbutIwishIwastherecuzitlookslikefun
1265,JulieAnndelaRosa,BOBBYKINGOFTHEYOUTH💰👑BESTRAPPEROFHISGENERATION😎
1266,V,Andpeoplethesedayscompareygrapperstotheiridolslmao
1267,연쥬,쇼미2는안봤지만바비무대는다봄
1268,JuneDomingo,:ILIVEFORBOBBY’sSMIRKat0:46!😳
1269,sithlord666,Bobbywasjusttryingtostartarapgamemen
1270,누네방보,진짜이건암만봐도질리지가않다.마지막순간에일리네어순간까지뭐하나부족한게없네
1271,Prod.Greencruise,"아직도소름,,"
1272,acyuuu,Here's180220andi'mstillhypingtothis😒Arealtrash
1273,fearonlyGodkimbap,HereallytheretoKILL!!!!🔥🔥🔥
1274,Vxxa-iKONIC,Bobbyisthebestrapper😍🔥DerrochadorSwag❤️🔥
1275,너굴,여기가한국의에미넴이있다는쇼미더머니입니까?
1276,정해건,3:19비니내리는게권상우보다한수위네
1277,사람,개인적으로한국의loseyourself인거같음
1278,MinhChâuVõHuỳnh,Eargasm👂
1279,dododid,제발탈와이지하고힙합레이블들어가자ㅠㅠㅠㅠ
1280,악아아,이게얼마나대단한것인지모르는사람이많음예시하나들어줌2020년기준2000년생이프로듀스101보다더수준높은셔바이벌하먄서지금의젓딧정도래퍼를무대장악하나로현장투표를이김저때아이돌래퍼를ㅈㄴ싫어했던스윙스도그때JM에대려오고싶은래퍼1순위를바비를뽑음그때당시JM은ㄹㅇ실력으로는일리네어다음이였음아이돌래퍼라까는애들이많아서인정할건인정해줬음해서하는말임
1281,MarinaMarina,OmgBobby🥰❤️❤️❤️
1282,임팔라,쇼미레전드무대중하나
1283,꽃병,ㄹㅇ발라드만듣다가랩들으니까귀가뻥뚤리네시발절로웃음이나온다
1284,지코이슬라이브기타치던돼지한요한,0:38김구라아들아닌가?ㅋㅋㅋㅋㅋㅋㅋㅋ
1285,CressaMarieRojo,2020andSTILLLITMAN!🔥🔥Gotchills!
1286,조성윤,바비진짜잘생겼다ㄷㄷ
1287,타울리,3:22ㄹㅈㄷ레알
1288,임호우,3:20레전드...관중들손들고흔드는거봐
1289,easycooking,crazy🔥
1290,왜이러는걸까요??도데체,3:17가자!!!
1291,KIM문젠#,1:36힙합개좋아
1292,박상미,3:27눈다시봐도소름이다;월드워z보는거같음
1293,파오리,0:38mc그리..?
1294,VelisianaMS,LoveyouBobbyyyyy
1295,재민박,아니진짜3분25초는언제봐도소름돋음
1296,ikonxikonics,2:06whoishe
1297,우수,미친;;마지막일리네어사인까지완벽깰끔
1298,이주한,바비는쇼미이후로랩계속했으면지코급임...아니지코넘음..
1299,ᄒ웅,2020년04월에도보러오는사람..
1300,이승준,0:37mc그리...?
1301,GalaxyPrincess,Ijustlovehowhetriestogethisfansinvolvedintheperformanceandgetsthemreallyhyped.Ithinkitsamazing.Andheisveryadorableandkind
1302,haetbitkim,톡식피처링신의한수다ㄹㅇ
1303,Hair나올수없어,내가이거보고힙합좋아하게됨
1304,EllyaKusuma,ImissBobby😍😍😍😍
1305,절름발이왕,근데사실연결고리자체도좋았는데그뒤에노래가진짜지렸었지..
1306,양서준,0:39ㅅㅂㅋㅋ구라아들이다
1307,최광훈,3분15초부분을천번넘게들엇다줜나멋잇네
1308,조현우,3:20지렸다
1309,절름발이왕,일렉기타소리개지린다진짜
1310,ᄉᄒ,다시봐도지린다바스코표정이더압권
1311,키키,0:39동현?
1312,유촤니,2:21엄청저네
1313,뿡치킨,0:38나만이거MC그리같은가
1314,Hashswan,0:38가운데MC그리아님??
1315,미아,바비는YG가아니라일리네어에갔으면더성공했을거다아이돌말고래퍼로서
1316,오빛나,와~보는내내오줌지린다
1317,윤희원,국힙올타임레전드무대
1318,jennyjelly,다시봐도소름돋네3:11
1319,IsthefanyLima,Eleéfodapracrllllllll
1320,Medley,0:00아니난이거처음에시작하는게뭐가이리좋냐
1321,김나연,5월27일힙합스테이지바비나옴
1322,미자아줌마,바스코187바비연결고리#힙합아이언독기진짜쇼미3레전드개꿀잼
1323,오렌지를먹은지얼마나오렌지,언제봐도므시따
1324,ROFEロぺだよ,존나쎄보인다멋있어ㅅㅂ
1325,orangemood,1:39화산줄ㄷ
1326,Utubeguk,비니누르고마지막발광떨때가쌉간지여아무리봐도
1327,이하영,0:37동현아...?
1328,서성은,따라부르래서따라불렀는데갑자기알던가사랑다르게되서당황했을관객들생각하니까ㅈㄴ웃기네ㅋㅋ
1329,제무,0:38엠씨그리?
1330,dkdkdkdk,다시봐도대박이다
1331,이상록,0:39글의..?
1332,JAKAKK,1:38이거혹시화사임?
1333,Phantom,이런놈이아이돌하는게난맘에안든다..
1334,멍뭉입니다물겠습니다,에미넴8마일보다가쇼미정주행중이다존잼
1335,ᄋᄋ,3:21영화냐;;
1336,잼잼,3:17
1337,고일욱,0:18초에김하온올라오는줄
1338,LeeJoonJoonie,BOBBYisamonster!
1339,dante413,역시실눈캐는사기구나...
1340,블루마티니,3:24소름
1341,JiwonKim,2020butbobbyisstillrelevantandsuperior👻
1342,tiemakazie,"And,..he'sonly19!OMG..Bobbyyaa,yourfutureseemssobright,...!!!!"
1343,DinnaZambrana,"ExcludingBI,Zico,Mino,PO,allofyoumove""-Bobby :D"
1344,ZaraUchiha13,"thissh*tissoLIT,,,BobbyismyDiscoveryoftheDay!!!^^"
1345,강철김말이,3:21
1346,도끼찍끼,바비의이무대는랩퍼들조차꿈꾸는이상적인랩퍼의모습이아닐까그래서좋은표정이나오고와~~~~반응죽이고이상적인랩퍼스타다..ㅋㅋㅋㅋㅋ
1347,AshleyGuan,damnIfellinlovewithhim
1348,fluke,랩은결국힙합의일부라는생각이드네힙합할줄알면랩스킬이상대적으로딸려도사람을휘어잡는다
1349,?엥,처음에플로우점점느려지다가이노래알어?ㅈ간지빼앰지금보니까진짜레전드무대다
1350,JinogiKim,ㅐ쥐ㅟㅑㅜ지oinownwlinwlinlin
1351,w2choi,힙합모르는사람이봐도무언가흥분되는영상영화8마일느낌나는것도같고.여러가지찾아봤는데.이래서우승했구나했내요
1352,MarthaNyeVargas,"YounoneedspeakKoreanbutknowthissongisPUREMAGICHIPHOP!,inspanishIsay....TunonecesitashablarCoreanoparasaberqueestacanciónesPURAMAGIAHIPHOP!...theminute3:24isaLOCURATOTAL!!!!!"
1353,하이,진짜로지금봐도지리고언제봐도쌉지리는랩이다
1354,야만의몽둥이,3:19모자내리는거씹간지좃간지개간지초간지신간지왕간지짱간지종간지뽕간지애간지
1355,윤지,1:18
1356,후추와소금,욕은왜하는뎈ㅋㅋ
1357,TaylorSwift,이건진짜4분30초짜리영화임
1358,FarRookie,Infinitechallengebroughtmehere..
1359,CK112,Thisdudeisgottabeoneofthetop10bestrappersinKorea!!HandsDown!andthatisrealtalk!!!
1360,나현빈,0:38yomc그리
1361,이세돌2세돌잔치,바비요즘뭐하냐진짜재능충에외모도ㅇ매력쩌는데
1362,Aloque,4년이지났지만‘떨어져도상관없어그냥showmethemoney’저거하나보려고맨날온다
1363,게임하는중딩,0:39mc그리?
1364,뉴류,솔직히바비는인정해야댐..단점도확실하지만저땐연습생때인데연습생이저런무대할수있다는거자체가엄청난능력임
1365,박제,0:38ㅎㅇ
1366,LightYagami,0:27
1367,장서진,3:22
1368,dfshehdbdbd,피쳐링없이만19세가이런무대를...발음이니딜리버리니뭐니해도불세출의영웅이긴하다ㄹㅇ
1369,최현문,0:38그리가여기있네
1370,개좋같은분석,카메라앵글10하드캐리
1371,김민주,그냥바비는쇼미전설임힙합모르는사람도왠만하면연결고리알고그리고가사전달력을떠나서쇼미보면서현장에갔던것도아닌데그냥이렇게신났던건바비이후론아직까지없다진짜관객과의소통무대장악력은이미전설이고이때가믹맥서바이벌병행하면서나이는스물인게신기할따름이다자기꿈이얼마나절실한지를그리고그걸즐긴다는게너무대단하면서도배우고싶다그리고‘내이름처럼BOB-BY지’는너무좋다🌊🌊🌊
1372,재러리,1:36ㅋ
1373,cream,요즘쇼미더머니보다보면바비가얼마나잘하는건지새삼실감함
1374,HSw,"1:18자기들끼리는누가잘될지다알고있었나봐저때지코,민호,피오다별로안유명할때아닌가?"
1375,조청유과,바비야yg랑계약끝나면힙합레이블이랑계약하자너의그무대에서야수성이다시보고싶다.
1376,명태,유튜브에바비꽐라라이브쳐서무슨대군가부산인가에서한콘서트봐보셈딜리버리가문제가아니고그냥모든면에서발전함그것도지금으로치면오래된영상이긴함...솔직히팬으로서바비평소에라이브에서틀어놓는노래보면모두본인노래고진짜대충들어도오지는노랜데ㅆㅂ와이지때문에본인노래도못내고하니까답답할뿐임지코처럼충분히작곡작사능력오지는데ㅠㅠ하...
1377,サイコ,constantlylongingforthesamehypebobbygaveofflastseason3.2seasonshavealreadypassedbutnoneofthemturnedshituplikethis.
1378,Felfela,RMwho?????
1379,BB,Goto9millionBobbysocool
1380,igot7love,"attheend""I'mBobby,ifyoudidn'tknow,nowyouknow""haahe'ssocool,Thisperfisinsane,Bobbyisfuckingcrazy,hemadethatcrowdwentcrazywithhim,somuchrespectforthisboy.OneofthebestperformancesofalltimeinSMTMseasons"
1381,AbdulLatif,EvenDok2andTheQuiettdidn'tconsiderthemselvesaswinnerswhentheyonlyhadbobbyleftintheirteam.Theywerereadytogiveup.ButBobbyprovedthemwrong.BobbyandBIistheonlyrappersIlikeinYG.<3
1382,THEK-WAY,😭🔥👏🏾
1383,JerisLau,"Bobbykilledmeat1:19ohmygoodness""exceptforB.I,Zico,MinoandP.O,allofyoumoveoutoftheway""Amitheonlywho'ssupermovedbythatline?Like,hekeepshisfriendsclosetohisheartandomgIjustcan't.WonderfulperformanceBobby,yourmumisproudofyou."
1384,뀨블리녹양동아줌마,어왔니?2020코로나
1385,탑신병자,0:38그리임?
1386,비엔토,"솔직히랩실력으론빌스텍스(바스코)가훨씬위지근데바비는아이돌출신답게무대연출을정말잘함저런곳에서는무대연출이진짜중요하지지코,바비이런애들보면아이돌중에서탑급이지전체부분에서는크게잘하는편은아니지만무대능력은인정함타고난듯"
1387,꿀소리밍튜브,바비가대단한게20살짜리애기가저기서저렇게했다는거..그거만으로도어마어마하게대단하지
1388,JilFiel,Bobbyhasthepowertobringtheaudiencehigh!SWAGoverload!
1389,Dreadaswen,1:38이부분화사임...?
1390,JeonJustinSeagull,WhocamebackhereafterBobbyreleasinghismv(HOLUP)???
1391,GGOOMARGoo,바비도대단하지만사운드는톡식이다만들어냈다.숨은조력자
1392,???,3:16아씨바비님책임지세요버스에서쌋잖아요
1393,퐁키러브,"표정,제스쳐,작은동작하나까지진짜타고난간지와스타성이미친듯묻어남.쇼미역사상랩실력좋은참가자들은많았지만,바비의무대장악력은쇼미통틀어독보적인수준.이날바스코무대도진짜개지렸지만..바비가너무역대급으로무대를통째로삼켜버림."
1394,쩔지,지리노
1395,ahan어한,솔직히이기고나서바비의부모님심정은어떤느낌일까
1396,김민준,와....
1397,KassSsak,남자인데구라안치고AV배우보다바비가나를더흥분시킴..젊은게무기인래퍼라하루빨리랩에매진해줬음좋겠다1년지날때마다너무짜증나면서아쉬움
1398,MeUforever,beast+cute+swag+charisma+funny+6abs+talent+bunny=mykimbapbobyysomtimesiwonderifyou'reahumanhwaitingcan'twaitforikondebut<3
1399,무료무료,카메라가살린무대
1400,あいしてる,이런얘가그룹에서몇마디를하고있으니...
1401,지환구,바스코개쫄았네표정봐라ㅋㅋㅋㅋㅋㅋㅅㅂ이거이후로쇼미에서이런레전드무대더안나오네ㅠ바비마렵다
1402,ᄀᄉ,내가처음접한힙합
1403,헬창,난얘때문에쇼미알게됨;
1404,포도가묵꼬시푼대무늬는,ㄹㅇ아이돌이라고과소평가오지네ㅋㅋㅋㅋㅋㅋ도끼마이크로폰보다바비생각나서보러왔는데댓글상태가왜이러누다떠나서스무살짜리애가피쳐링도없이무대장악하는것만봐도와소리나오는데
1405,zeozeo,It's2020nowandourBobbywhoonlybreathesonceinabluemoonisstillandforeverwillbeoneoftheBESTRAPPERinhisgeneration.💯
1406,0aorhr,"와이거할때바비가고등래퍼나이라니,,,,,,"
1407,공목,Yg는이런애데리고재능썩히고만있누..
1408,Devvv,probablythebestrapstagei'veseenandi'mabigfanofrap(wellmostlyamericanrap)
1409,MogamiKyoko,Heownedthecrowd
1410,haaraebijoogeoyot!,쇼미가아니더라도힙합경연프로라든지바비가하는공연이라든지이런거또보고싶다
1411,스테판음바페,레알지금생각해보면바비가진짜ㅈ된다는게느껴진다..씨잼바스코아이언이기고우승했는데그당시나이20살..??
1412,아앗알로항,3:23ㄹㅇ8마일에나오는장면같노
1413,아톰이,내쇼미첫시즌이고그이후까지다봤지만난솔직히바비아니였음랩아마빈지노이후로듣지않았을듯
1414,전재현,진짜소름돋는다후반부에기타시작하고들어갈때진짜개간지소름ㄷㄷ
1415,마법의소라고동,"쇼미3가그리운이유는너무레전드무대가많기때문아닐까...올티,바스코,바비,비아이,아이언등등하나같이씹레전드"
1416,RAPLEESTYLE,Thishappenwhenyouwanttobeattheultraultimatestrongfinalbossintheinsanelyepichardmodeofdifficultylevelinthegame.
1417,김윤석,여기서바비가긁는목소리로인기얻고평좋으니까이후아이돌들양산형들마냥전부긁는목소리로랩하던데ㅋㅋ
1418,김램지,딜리버리단점을무대매너관객호응으로씹어먹었다..무대진짜화려하다ㅋㅋㅋ저게어딜봐서스무살일까대박이다
1419,날봄,이때또다른서바이벌했다는게아직도놀라움.
1420,FREEDOM,AfteralltheseyearsifinallyrealizedthatbackgroundsoundisB.I
1421,이승우,진짜바비야왜래퍼로이직안한것이냐.......일리네어나그런데갔으면개대박이었을거같은데섭외도엄청하려했다는거보면
1422,자세히알아보기,저때는관객들도디신나서노는게눈에보임진짜개부럽다저걸라이브로들었다는게
1423,푸김,바비yg에아이돌로있기엔진짜너무아까움..
1424,zggg,아이콘때문에바비가유명해진게아니라바비가이무대로아이콘을알렸지
1425,다임,3:23여기부터세션도미쳤는데일렉이랑베이스사운드조진다현장에서우퍼바로앞에서들었음기절했을듯
1426,더더더더,아...아이콘팬이면서바비팬으로진짜이런개쎈힙합곡하는바비보고싶다....와일드하고그냥..
1427,이서영,센세이션아닌가?쇼미더머니최연소/아이돌/연습생우승자
1428,MicroPooters,진짜바비쇼미3당시에는분위기에휩쓸려서깠었는데다시보면볼수록이세상재능이아님ㄹㅇ제발힙합씬에다시돌아와서띵반하나내줬으면좋겠다..
1429,인혁쩐중딩CARDIA,진짜이게힙합이지..방탄rm디스했다고아미들한테서까여셔기죽은거보면불쌍하다진짜어휴
1430,코코,지금이라도힙합앨범하나만내줘와이지
1431,냠냠,지금봐도기존래퍼들나와도이무대이길사람거의없어보임비슷하면했지
1432,안나세리,3:14농담안치고지금봐도소름끼치네ㄷㄷ무슨저무대랑물아일체된거같음....관객들이랑같이...ㄷㄷ
1433,럽비니,난바비땜에봤음아이돌중에쵝오
1434,내닉네임,한국판8마일을뽑으라면바비연결고리를고민도안하고뽑을거다.
1435,ResR,진짜이노뢔알아똬라불러이거하나에팬이되버림
1436,청록,4년이지난아직도난입막고본다..
1437,인연,"0:19살짝김하온느낌있는듯,,아주살짝!0:20이분은살짝이영애님닮음!,,,"
1438,41234ᄆᄂᄋᄅ,제스처부터진짜존나멋있고무대장악력이진짜사기캐다...바비는아이돌활동안하고언더그라운드에서활동했어도충분히대박났을듯
1439,벨바,힙합의ㅎ자도몰랏지만단지음악이좋아서한참동안졸라게들엇음
1440,DevryWelinDuri,"Icamebackafterfewyears&WOWsurprisetoseelotsofKoreancommentlikesisislostherebutI'msuretheybelikeTHISBOBBYISLEGENDTHEYOUTHMOTHAFUC'KINGright,he'sthereasonwhy""idolrapper""startbeingrecognise@acknowledge,newgenbetterbowdown&giverespecttothisyoungman."
1441,없음이름,확실히무대에서뛰어노는아이돌연습생이어서그런지무대장악력이미쳤네저정도로분위기띄우는게보통재능이아닌데
1442,Qwer1234,바비가우승하는데오히려yg연습생딱지가한몫함.Yg연습생신분으로현역언더래퍼들이랑비비는그림이그당시에는신선한충격이었지.다른래퍼들도아이돌출신타이틀로나온애가ㅈㄴ패기넘치게하니까신기한표정으로보고ㅋㅋ
1443,수홍,힙합입덕한지6년째..이거보기전만해도힙합은아웃사이더랑타이거jk만알고있었는데..충격에충격만골라서보여줘서대가리가깨질뻔했던무대
1444,jinuxx,바비좋아아이콘노래에서도랩할때진짜좋드라역시잘해
1445,BenTo,1:18저땐몰랐는데이제는다성공한사람들이네
1446,백곰코카,쇼미무대를클럽으로바꿔버리네ㄷㄷ
1447,냥냥,이게벌써6년전이라고...???미쳤다ㅠㅠㅠㅠㅠ역대급무대였는데...
1448,김진우,단독콘서트내주면좋겠다..손흔들면서호응개열심히해줄자신있는데
1449,난널잡아Gaming,3:27수많은좀비떼중에최후의생존자?
1450,닠코닠코닠,3:24초는볼때마다소름돋음
1451,이경민,바스코표정잌ㅋㅋㅋㅋ바스코:아ㅅㅂㅈ댔다하는느낌인뎈ㅋㅋ
1452,삼이삼,"""책상위에발올려"""
1453,JolinDaja,2020hi👋
1454,chandika,hisstagepresenceiscrazy.
1455,국현우,3:27이장면은진짜온몸에소름이돋는다ㄷㄷ
1456,SocialDistancing,BobbyreallygoessowellwithIllyIwishforBobbyxIllyxAmbitioncollabshopefullywecangetanotheronewithDok2
1457,홍Hong,이런바비가못.친.소에나온게존나웃기넼ㅋㅋㅋㅋㅋㅋㅋㅋㅋㅋㅋㅋㅋㅋ
1458,초록나모,언제봐도미쳤다...
1459,박종선,무대장악력?무대퍼포먼스?루피가절대못비비지얘한테는ㄹㅇㅋㅋ
1460,atozero1,우와진짜바비가무대를완전히뒤집어놓으셨다진짜최고의무대화이팅후~~
1461,ᄋᄋ,진짜바비비아이쇼미더머니나오기전까진쇼미무슨기부프로그램인줄알았다.
1462,leerachman,"Feb2020andimstillhere,who’swithme?"
1463,하가리,저손들을봐라...소름이다ㄹㅇ루
1464,명견실버,Dj부르고비니내려쓴다음바운스타면서랩하는거봐라.캬~난놈은난놈이다.
1465,wnstjrdus,"win패배후(맨탈)+믹스앤매치작업,연습,공연+어린나이=쇼미3우승"
1466,아개노잼,아직도가끔생각나서보러오는사람?
1467,VelisianaMS,StilljammingoverBobbysmtmsongs🔥🔥🔥🔥🔥🔥🔥🔥🔥🔥
1468,박덕희,이건솔직히이어폰끼고볼륨최대로올리고들어야됌언제들어도소름돋네
1469,LostGirl,"Tantoscomentáriosdecoreanosmeupai,oqueelesestãofalandohahah,sótenhocertezadeumacoisa,Bobbyéespetacular"
1470,이재용,1:04ㄹㅇ개좋다...
1471,faté,justsayingthatalotofrapslikethatsoundssimilarforsomereason...likethere'snoonelikejuicewrld....orlikethemigos....orlikedifferentuniquestyles
1472,YXNHAN,Stillinlovewithit
1473,hekdi,야근데사람들다팔뻗고난리칠때바비진짜괴물가턷ㄷ..
1474,김승혁,바비는Gd다음으로무대장악력이대단하다고할수있을듯
1475,최길완,3:24카메라구도미침ㄹㅇ
1476,과수원에열린싱싱한싱호,아니이거가사가기억이안나서길거리에서너와나의연결고리이건우리열쇠고리이러고있었네;;
1477,해재맬래걔,아춤이레전드임레알하시팔멋져요바비오빠
1478,Jiming,드럼일렉미쳤다
1479,KrisNguyen,2020anyone????
1480,몽키맨,이건만년간지다..
1481,NurAwaliahRezki,Mabobby❤
1482,빵빵덕,0:45여기부터그냥압살
1483,달빛바다,3:20여기서부터개레전드
1484,한국인,2:50할라하는데관객들이소리질러서못함
1485,고도현,와ㄹㅇ바비는3:17여기부터ㄹㅇ약빨았다와ㄷㄷㄷ미쳤다ㄹㅇ
1486,S.HPARK,젊음...패기...열정....볼때마다내마음저한쪽에서뭔가가끓어오른다🔥🔥🔥
1487,SsoSso,무대를ㅈㄴ잘하긴함
1488,김이드,이때노래라인업오지네ㄷㄷ빌스택스아이언바비다레전드찍은듯
1489,김현준,어떻게씨잼바스코바비아이언이한시즌만에모여서레전드무대를다찍고가냐역대급시즌..이때를못잊어서망했다거리는거겠지..
1490,진서,진짜간지그차체
1491,사이먼이센스,3:43빌틀딱스:ㅈ됬다
1492,밥이,연결고리는영상으로봐야제맛피처링없는것도존좋
1493,이종승,2020년조회수2000만레전드영상아직보는사람
1494,E-tv,Thisperformancenevergetsold.YGGRbecomesBobby'santhem.
1495,이창현,사실상쇼미뿌리
1496,임루망네게임하우스,0:40Mc그리왜있누ㅋㅋㅋ
1497,이름이름,이게ㄹㅇ나이에비해잘하는거지.
1498,최수인,외힙느낌나는무대는쇼미중이게처음이자마지막인듯
1499,김서진,8마일에에미넴보는것같음..
1500,MSal,"hewinstheaudience.seriously,theyresohyped."
1501,이동현,다시봐도바비는간지다
1502,패육이,아...진짜겁나멋져...
1503,J,다시봐도ㄹㅈㄷ임
1504,포도가묵꼬시푼대무늬는,난힙합관심아예없었는데지들끼리싸우는거재밌어서우연히보다가얘무대보고힙합에관심생겼고얘가힙합대중화시킨건확실히어느정도있다고봄급식들많이하는얼굴책에맨날얘영상떠다니고유투브들어와도얘영상밖에없었음
1505,Hanbin'sGuardian,It's2020andthisstillgivesmegoosebumps
1506,뭘훔쳐봐,ㅅㅂ남들고랩나갈나이에쇼미나가서우승하고와버리네
1507,EtherNano,KingOfYouth😭😭
1508,StudentYeon,"ㄹㅇ쇼미더머니는EK갓갓갓,바비연결고리이두무대가무대장악력개쩔었다."
1509,zilliontimes,이무대는못이기지바스코라도ㅋㅋㅋㅋ
1510,이수지,아직도보러오는사람...
1511,웁웁,ㅗㅜ중독되ㅗㅜ..ㅑㅏㅏㅏ중독되에ㅔㅔㅔ
1512,코코,2020년에오신분??!
1513,Hwan_E환이,0:37쓰읍어디서많이본거갔습니다만휴먼?
1514,동현,0:38그리?김구라아들김동현???
1515,예쁜쓰레기,ㅋㅋㅋ동현이있다ㅋㅋ
1516,Wl,추억돋는다진짜ㅋㅋㅋㅋ패기어쩔겨
1517,뒤질랜드,인트로에서진심당황한듯ㅋㅋㅋ첨부터ㅈㄴ따라부르니ㅋㅋㅋㅋ표정보소ㅋㅋㅋ
1518,짐짐,바비님걍짱먹으세요
1519,jegyeoklee,바스코혼내준다며왜졌어
1520,니엄마,0:38동현이인가
1521,집에보내줘요,발음다뭉게도쇼미8떡바르는무대
1522,pqgmama,Favoriteperformanceofthewholeshow.Stillcan'tstoplistening.
1523,ChanuyaaaChocoball,Wow.Somanykoreanscomment.
1524,zainaHasma,BobbyMASTERPIECE👑
1525,둡남어,이거는음원말고영상으로봐야지
1526,YoutubeKeras,wooww.//..crazyy
1527,쀼라라라,현재조회수2117만회이거뭐임버근가
1528,김민식,형그냥형혼자다해....
1529,꺼져,저때스윙스표정쫌마음에안든다
1530,CykaBlyat,톡식개멋있네..
1531,Mcall,1:38화사?
1532,피터빠크,0:38그리가왜여깄지
1533,쨔스!,00:38mc그리ㅋㅋ
1534,Radapon36,바비.가장멋진.🐰👍🏻👍🏻👍🏻🤔🤔🤔💛💛💛🤨🤨🤨
1535,이예예,짝짝짝짝짝짝짝짝짝짝짝짝짝짝짝짝짝짝짝짝짝짝짝짝짝짝짝짝짝짝짝짝짝짝짝짝짝짝짝짝짝짝짝짝
1536,웅내가좀귀여워,아니뭔데자꾸바비랑하온까냐고누가국힙원탑이라고했음?아니잖아국힙원탑근처도못간다이지랄하지말고고랩빠돌이어쩌고하는것도상식없어보임
1537,ᄋᄋ,0:21
1538,혜땡,1일1영상본다
1539,이름,1:18보니까아이돌중실력좋은사람들이네
1540,혁,0:39노엘닮음
1541,ᄋᄋ,3:14
1542,LODY,0:38MC그리아님??
1543,2317최우현,0:44하돈까스먹고싶다..
1544,DuDu,ㄹㅇ경연최적화용래퍼
1545,ad𝐚𝐡𝐨𝐥𝐞,지스트가랩시작이유
1546,Melody_,바비😎
1547,손동호,발음어쩌고저쩌고해도역대쇼미무대중에원탑...진짜무대를찢어놨다는표현도부족하다ㅋㅋㅋㅋㅋ혼자서
1548,C2790,"Iloveallhisperformancesonsmtm,Ievendownloadedmp3vertolistento.(it'sapitythatthere'sno""I'mill""studioverthough)ImisshisperformancesonSMTMsomuch,ImissthisBobby,hopehe'llhaveasolosoonT.T"
1549,니케린,진짜안들어본사람은있어도한번만들은사람은없다
1550,junetheist,imisssmtmbobbysomuch
1551,h.glee,"시즌6까지보고다시이영상보는데역시시즌3이최고였다는걸다시금느낀다쇼미열풍은바로도끼,더콰이엇,바비로부터시작된거라는걸다들부정하진못할거라생각"
1552,ReginaAsamoah,I'msurprisedthestagedidn'tgoupinflameswithallthatfirehewasspitting.ShitwasLITTFAM!♥️
1553,-jayM,이게힙합이지
1554,ErwinRianYulianto,"ComeBack,AfterWatchLikeThisLikeThis:v"
1555,BB,"10M+views,2yearslaterpeoplestillcan'tgetenoughofhisperformance❤️"
1556,푸김,지린다데뷔전이였던걸로알고있는데깡이대단하네
1557,이은석,0:39mc그리
1558,리중딱,3:23카메라감독이영화한장면만든것같다진짜....와.....
1559,‘‘,0:49
1560,Words&Whimsy,BobbyisINSANE!!
1561,어그로대마왕,이영상은미친몇백번을봐도레전드...
1562,jm,이때는민호가샤이니민혼줄ㅎㅎ
1563,게리킴,만약세미파이널때바비연결고리vs아이언독기이렇게붙었으면진짜누가이겼을지너무궁금하다
1564,chrstnchua,IDKWHYIALWAYSFEELSOLITWHENEVERIWATCHTHIS😎💯💥
1565,jenniesfavebitch,"Yeahit’sthatremixrighthereMynameisBobbyIfyoudidn’tknownowyouknowhomeboyleggoHolduholdulet’sgoYouandme,ourconnection,thisisthesoundinsideofusYouandme,ourconnection,thisisthesoundinsideofusYouandme,ourconnection,thisisthesoundinsideofusYouandme,ourconnection,thisisthesoundinsideofus(turnup)Youandme,ourconnection,thisisthesoundinsideofus(turnup)Youandme,ourconnection,thisisthesoundinsideofus(turnup)Youandme,ourconnection,thisisthesoundinsideofus(turnup)Youandme,ourconnection,thisisthesoundinsideofus(turnup)EverynightI’mhustling,leavinghomeatayoungageKeepmakingmyskills,there’snoendtomygreedYouandme,ourconnectionismoneyandhiphop,endofstoryCan’tnobodyspenditlikeme,I’mliketheMansourofhiphopFillingupwiththegasolineofrashnessandfightingspiritontopofthisburningbeatTheminuteyougetinmycar,youallwillfreakoutYourmoneybragsjustsoundlikeajoketomeI’llbeyourglasses,lookcarefullyLookwho’sonstageandnotyouLookatwhyaforeignworkerwithnomoneyorahomeWorkssointenselyandhardBesidesB.IZICOMinhoPO,everyonegetoutofthewayYouallkeepruppingupthemoneyfromthetitleI’mabouttorecoverAllyoudamntonedeafrapperskeepdefamingIfyoudon’tthinkthisisaboutyou,youcantalkshitaboutBobbyrightnowYouandme,ourconnection,thisisthesoundinsideofusYouandme,ourconnection,thisisthesoundinsideofusYouandme,ourconnection,thisisthesoundinsideofusYouandme,ourconnection,thisisthesoundinsideofus(turnup)Youandme,ourconnection,thisisthesoundinsideofus(turnup)Youandme,ourconnection,thisisthesoundinsideofus(turnup)Youandme,ourconnection,thisisthesoundinsideofus(turnup)Youandme,ourconnection,thisisthesoundinsideofus(turnup)Itain’toveryetI’llspitoutwhateverIwant,I’malwaysaboutthehiphopMyrashnessandsillinessbreaksdowntheundergroundprideOnlyIcandothisforrealeventhoughI’manidolThey’reallhatingonmeandgoingcrazyIdon’tevencareaboutthehatersThrowawayyourworriesformeandjusteatmeIdon’tgiveathingaboutyourbirthplace,yearornameBringthegasoline,lightitonfire,I’llmaketherhythmburnTurnitallinsideoutandwe’llseeyourtrueskillsCrawlunderneathme,yourdamnscreamsBearwithyourrealitythathasnofutureButI’lldrenchmyclotheswithmysweatYoucanglareatmewhileImakemoneyYoucan’tgetpastyoursighsandjealousyMymoneymakingskillsaregrowing,myvoiceisbeforethepeopleI’mlivingmydreamasI’mmakingmyproudrapmoneyYou’rewaybehind,boygrouprapperscomingoutonstageDancinglikeaclock,ifyou’retonedeaf,thenpracticeYoholdupDJholdupIdon’tneedmoney,I’mhereanywayAllIneedtodoisshowmyskill,myfeetareuponmydeskWiththetitleofanidolhangingaroundmyneckIproudlymakemoneysoIcanmeetmymomOurfamilywasstrugglingbecauseofmoneyJustlikethenameImade,it’sBOB-BYnowIstartedfromthebottomandnowit’stimetobuildahouseIdon’tcareifIgeteliminated,justshowmethemoneyHeyDJkickthatthinglet’sgoI’mbackonthemicrophoneTurnittothistrackrightnowEveryoneturnupthevolumeThrowupyourhandsandsayhiphopheyI’mbackonthemicrophoneI’mbackonthemicrophoneTurnittothistrackrightnowEveryoneturnupthevolumeThrowupyourhandsandsayhiphop"
1566,김존버,바비저평가도심하지만이무대는죽여줬지.지금이랑비교해봐도퍼포먼스에선이만한무대가있었나싶다.못이기면이상할정도로미친무대.
1567,송민건,0:39초에그리가왜나와?
1568,이대길,바비는도끼나스윙스따라갓어햇다
1569,Merrey,bobbygottheabilitytocrazehisaudience🙌
1570,KTP,"아이돌래퍼의편견을깨부순혁명적무대중하나이자쇼미더머니최상의랩퍼포먼스를보여준무대Thisisoneofrevolutionarystages,whichabolishprejudicesagainstidolrappersandthetopnotchofKoreanrapperformance."
1571,어이가없네,솔직히랩실력은2군정도인데무대압도력은진짜원탑이다...빽댄서피쳐링일도없이혼자러저렇게압도해버리네흥이절로난다
1572,이담에만나요꽃이피면,아이돌이라고무시하던놈들여기서다발렸지..아이콘이왜실력파인지바로납득하는부분 춤추는바비도귀엽지만이렇게쏟아내는바비도멋있고서정적인랩하는바비도멋있음김바비다해
1573,ИнжуКушербаева,Youseehissmile0:46?HE'SSOBADAAAASSS...AndIlikeit
1574,엄마커피좀요,2020손코로나손
1575,Rtystik1,"Ireallydon'tunderstandwhypeoplestillarguethathehasnotalent.OltiiANDVascoevenacknowledgedhim..canwegivecreditwherecreditisdue??IthinkthefinalsshouldbehimandIron.BobbyGOES,hehasanincrediblestagepresenceandhisdeliveryandflowisbeyondnice.I'mrootingforyouman!!!"
1576,김민지,바비가딜리버리딸리지만요즘잘하는애들영비나다른애들도안들리는것같아욤..
1577,R.Tang,너!나!연!고!
1578,SintyaFrank,"Comingbackagainievenmoreandmoreadmiringhim.Thethingishewasstillatraineeduringthisseasonandhadtodoanothersurvivalshowatthesametime.Hedontneedfeaturingofa'famoussomeone'inordertohypethecrowd.Hispresenceisnojoke.Andhespitfires,ireallyliketherap,thelyrics,theperformance,literallyeverything.Everythingfitswell.Nowonderhewontheshow."
1579,마끼야또,37초에김동현뒤에로드fc선수박형근아님?
